neighbor_code,분기당_매출_금액,2340대_매출금액
1000001,278.1139655,0.06373244
1000002,132.198632,0.02966663
1000003,300.4106436,0.05202319
1000004,164.5890019,0.04035587
1000005,523.7566973,0.09782536
1000006,611.0177116,0.11930225
1000007,1000.895145,0.23241956
1000008,912.65683,0.20669049
1000009,630.6143021,0.12287113
1000010,109.5436718,0.03022661
1000011,274.1849974,0.04553735
1000012,163.4716725,0.03753231
1000013,479.9127138,0.09281299
1000014,80.27995275,0.01452872
1000015,486.1840843,0.11281146
1000016,789.5516721,0.18317817
1000017,95.62923875,0.01441754
1000018,55.14659075,0.01256535
1000019,99.198946,0.02699027
1000020,41.48595214,0.01016422
1000021,98.88152138,0.01885028
1000022,0.78042733,0.00009394
1000023,11.29392,0.00099064
1000024,15.6789925,0.00417181
1000026,174.4363563,0.02533153
1000027,357.4473082,0.06964745
1000028,231.6898349,0.04668782
1000029,6.10986575,0.00159172
1000030,61.467986,0.01230387
1000031,77.55580075,0.01640508
1000032,279.9240126,0.05820486
1000033,36.86727773,0.0095003
1000034,112.622539,0.02552384
1000036,72.6523225,0.01678823
1000038,181.0880942,0.03800907
1000039,738.4330429,0.14112546
1000040,421.2975443,0.06690527
1000041,37.76213843,0.00865228
1000042,213.3905152,0.05173274
1000043,7.1011395,0.00197755
1000044,233.4750598,0.03793801
1000045,1024.555271,0.20616966
1000046,120.0383891,0.03032331
1000047,84.41709058,0.01440083
1000048,25.3307685,0.00675227
1000049,45.78594957,0.01180618
1000050,29.50693775,0.00827027
1000051,375.6134061,0.09193986
1000052,788.6827852,0.19742637
1000053,723.8754382,0.19088548
1000054,789.3203984,0.21583149
1000055,101.2135714,0.0185526
1000056,129.8908398,0.03368974
1000057,220.6180028,0.05508288
1000058,126.5008581,0.02598599
1000060,66.39718658,0.01510912
1000061,332.9379117,0.06942565
1000062,67.84341844,0.01768706
1000063,670.7626304,0.1662723
1000064,111.2378679,0.03153888
1000065,130.4715885,0.0234773
1000066,108.2800565,0.02739853
1000067,86.74521992,0.01663524
1000068,355.7355625,0.07276317
1000069,65.72262125,0.01376855
1000070,2284.900885,0.62728363
1000071,2413.88005,0.62919627
1000072,7.08935183,0.00136173
1000073,1292.988114,0.33775344
1000074,19.08518425,0.00512571
1000075,33.7160005,0.00513608
1000076,20.16525714,0.00388271
1000077,290.7618066,0.05108383
1000078,173.4084601,0.03447833
1000079,225.9249228,0.04275704
1000080,444.2714559,0.07979796
1000081,164.5100417,0.0350882
1000082,75.53245025,0.01178576
1000083,82.07277267,0.02174185
1000084,1101.93449,0.22174526
1000085,636.8101663,0.15720376
1000086,121.1448416,0.02719078
1000087,31.67574915,0.00693801
1000088,422.4504802,0.08717611
1000089,8.384939,0.00133803
1000090,95.19215362,0.02049578
1000091,88.917794,0.02020701
1000092,260.7379801,0.06571112
1000093,103.5182263,0.01885414
1000094,21.28202575,0.00497097
1000095,133.1443283,0.02552394
1000096,147.8457205,0.0410063
1000097,75.4456445,0.01729981
1000098,130.1785765,0.02281619
1000099,67.0038175,0.0136603
1000100,33.4669355,0.00884448
1000101,28.165804,0.00715158
1000102,91.65512242,0.02205006
1000103,54.06167808,0.01212253
1000104,241.8522659,0.05133408
1000105,152.9526029,0.03450036
1000106,99.08151975,0.02135507
1000107,10.70973175,0.00248852
1000108,146.0871991,0.03456268
1000109,303.2563359,0.0689244
1000110,316.1510186,0.05265082
1000111,26.812871,0.00747094
1000112,140.3245205,0.02274518
1000113,382.953328,0.08901052
1000114,447.3652374,0.10263465
1000115,173.6131323,0.03247652
1000116,374.1874087,0.0788439
1000117,81.12278982,0.01514361
1000118,94.81159706,0.01149141
1000119,160.7755394,0.03375213
1000120,343.172331,0.07170233
1000121,418.0578813,0.0802825
1000122,28.81772,0.00577113
1000123,99.25016793,0.02245167
1000124,116.4877274,0.02159401
1000125,188.6376304,0.02840129
1000126,49.07872692,0.00806483
1000127,68.70516558,0.01790495
1000128,369.3434248,0.09764191
1000129,53.07464808,0.01081162
1000130,46.79347629,0.00993981
1000131,101.838432,0.02693237
1000132,31.425121,0.00660305
1000133,64.18567683,0.01350285
1000134,68.35236983,0.01418372
1000135,0,0
1000136,73.35619038,0.01819476
1000137,313.6026153,0.08574405
1000138,136.7353895,0.0374298
1000139,35.72756325,0.0077159
1000140,21.21102688,0.0024185
1000141,44.84055142,0.01024125
1000142,86.68244633,0.01621479
1000143,29.7732105,0.0081773
1000144,27.21470525,0.00720505
1000146,69.74347583,0.01657351
1000147,65.68363675,0.01572626
1000148,143.8195959,0.02035106
1000149,49.07482931,0.01262098
1000150,21.912574,0.00597943
1000151,36.85904475,0.00974876
1000152,62.87428817,0.0116273
1000153,94.8535125,0.02203796
1000154,211.916556,0.03760855
1000155,322.4033852,0.03822886
1000156,170.1146406,0.03569197
1000157,11.07248275,0.00319042
1000158,194.560144,0.04507127
1000160,32.29667525,0.00781712
1000161,302.2814689,0.07435836
1000162,146.2301449,0.03196235
1000163,52.32698012,0.01170785
1000164,55.65108562,0.00845003
1000165,313.9552392,0.06410582
1000166,193.0839122,0.03892232
1000167,306.8432739,0.06873727
1000168,205.4271424,0.04621511
1000169,277.0681469,0.06512789
1000170,41.6555945,0.00593379
1000171,190.7371479,0.04049626
1000172,70.163789,0.01428356
1000173,12.07741,0.00290974
1000175,38.69237638,0.00826364
1000176,106.4838493,0.02307609
1000177,247.0495278,0.0539964
1000178,66.82581375,0.01807579
1000179,53.50674258,0.01433892
1000180,113.7119103,0.0271464
1000181,268.9458414,0.06482887
1000182,91.4741835,0.02075884
1000183,2.555555,0.00053819
1000184,182.1174945,0.03820372
1000185,107.1807324,0.02776786
1000186,6.335879,0.00143338
1000188,60.9433365,0.01730006
1000189,167.8807708,0.0471085
1000190,42.10796362,0.00665219
1000191,4.518042,0.00077789
1000193,57.334706,0.01080159
1000194,208.0264518,0.05367755
1000195,30.89589075,0.00471384
1000196,89.163282,0.02170115
1000197,40.4551665,0.00633592
1000198,83.23532217,0.02053644
1000199,164.9998964,0.03194572
1000200,97.61457667,0.02048704
1000201,105.4796529,0.02096438
1000202,19.608811,0.00374059
1000203,4.380061,0.00100212
1000204,181.786714,0.04417763
1000205,10.45467588,0.00164007
1000206,4.2200265,0.00097826
1000207,277.2955352,0.06699337
1000208,221.5414937,0.05777056
1000209,270.4856778,0.01216237
1000210,178.0289644,0.04417729
1000212,40.402461,0.01103211
1000214,73.4437074,0.01391451
1000215,137.2244384,0.02956501
1000216,15.71048325,0.00362191
1000217,178.7858765,0.03262996
1000218,22.20562725,0.00527591
1000219,8.20230725,0.00013314
1000220,618.8220079,0.1662744
1000221,251.6882192,0.06312482
1000222,54.1642634,0.01281197
1000223,13.26917675,0.00352985
1000224,21.09393075,0.00555391
1000225,4.07240225,0.00100739
1000226,325.7844856,0.06859794
1000227,11.9096965,0.00303761
1000228,2.8634165,0.00014193
1000229,113.3692946,0.02435439
1000230,112.1679395,0.02835006
1000231,283.2729378,0.06186192
1000232,43.89030962,0.00961009
1000233,92.15173833,0.01913722
1000235,61.14909275,0.01043047
1000236,18.17872775,0.00324704
1000237,9.47238875,0.00201203
1000238,17.85980275,0.00402839
1000239,18.51367088,0.00495235
1000242,83.2245345,0.02274649
1000243,177.4731247,0.04247764
1000244,24.5541025,0.00655564
1000245,118.1803935,0.02466739
1000247,86.178813,0.01994301
1000249,279.2134439,0.06104954
1000252,474.2515746,0.10774301
1000253,25.164512,0.00431447
1000254,634.4072091,0.14533134
1000255,17.72596775,0.00424911
1000256,228.8771418,0.04897993
1000257,140.9818109,0.03191841
1000258,196.4931831,0.04185135
1000259,133.0685183,0.03479549
1000260,37.35798125,0.0076428
1000261,17.20439288,0.0007308
1000263,71.8146525,0.01920377
1000264,43.99081225,0.00894165
1000265,0.9547755,0.00016624
1000268,114.3677795,0.02711429
1000269,197.8009686,0.0408902
1000270,55.59327844,0.01433552
1000271,13.465372,0.00268253
1000272,391.723231,0.10307655
1000273,71.43224425,0.01888792
1000274,16.470404,0.00423524
1000275,4.1922905,0.00102232
1000276,59.31593788,0.01462084
1000277,414.6385406,0.11136967
1000278,66.73929038,0.0163847
1000279,76.75126325,0.0202171
1000280,21.8666375,0.00642819
1000281,33.98650562,0.0081082
1000282,125.7851106,0.0179249
1000284,78.83527167,0.01903162
1000285,133.202096,0.03106844
1000286,264.8927556,0.06797072
1000287,21.1000575,0.00416794
1000288,209.3332703,0.0483493
1000289,61.41485288,0.01473926
1000290,175.0353404,0.0383467
1000291,419.3590422,0.09613465
1000292,813.2590548,0.20227237
1000293,120.3510624,0.02621674
1000295,91.36743325,0.02083013
1000297,94.47531912,0.01878805
1000298,181.9808262,0.02651839
1000299,84.70267117,0.01948506
1000300,351.8393356,0.07084264
1000301,48.46194088,0.01111666
1000302,151.1437681,0.02984609
1000304,234.9953445,0.0548839
1000305,94.47104692,0.02086183
1000306,235.7380063,0.0416236
1000308,101.5964074,0.02263228
1000309,264.2082906,0.06473196
1000310,78.170877,0.01875153
1000311,13.39118025,0.00301027
1000312,11.53071675,0.00317589
1000313,51.25579775,0.01406599
1000314,216.4002624,0.04358243
1000315,12.050706,0.00250993
1000316,45.026387,0.00874955
1000317,4.59354775,0.00106651
1000318,62.8378385,0.01563649
1000319,29.04317625,0.00740999
1000322,126.2662385,0.02202445
1000323,74.32995912,0.01648745
1000324,46.18838467,0.01073918
1000325,25.98953775,0.00502309
1000326,27.719301,0.00520128
1000327,19.44289175,0.0046813
1000328,23.94772225,0.00645784
1000330,202.0917359,0.0459744
1000331,51.125441,0.01284675
1000333,0,0
1000334,66.33646675,0.0055769
1000335,3.09677775,0.0008219
1000336,108.947092,0.02314909
1000337,289.6927729,0.0576505
1000338,40.64656075,0.00989057
1000339,13.59660075,0.00321529
1000340,62.6916235,0.01380019
1000342,306.4147708,0.05138017
1000343,36.70361343,0.00667096
1000345,24.2588025,0.00479058
1000346,214.9316418,0.04956728
1000347,3.46045275,0.00073962
1000348,10.2232885,0.00243732
1000349,117.5529932,0.0233238
1000350,4.607606,0.00085903
1000351,51.016656,0.01386736
1000352,313.1341427,0.06982499
1000353,82.09940062,0.01647491
1000354,8.49525025,0.00200624
1000355,16.9723535,0.00250152
1000356,110.6964878,0.02550052
1000357,23.786229,0.00570339
1000358,39.79904262,0.00824835
1000359,255.6879164,0.03591182
1000360,637.1702195,0.1473672
1000361,41.7977015,0.00972224
1000362,31.6267475,0.00725599
1000363,46.88883425,0.00846079
1000364,11.04099962,0.00207991
1000365,74.62885775,0.01789506
1000366,91.2304045,0.01900925
1000367,57.71072825,0.00794497
1000368,340.896858,0.05382559
1000369,35.22399758,0.00805549
1000370,56.10799175,0.00963329
1000371,21.14771638,0.00483386
1000372,5.906516,0.00104392
1000373,281.5335944,0.06690883
1000374,55.52316962,0.01056082
1000375,99.962802,0.02162255
1000376,105.0001538,0.02139302
1000377,124.3953053,0.02817075
1000378,47.27136325,0.01113801
1000379,72.159015,0.01421594
1000380,297.3785903,0.07012616
1000381,104.4363359,0.01841384
1000382,54.13922475,0.01053
1000383,119.4172422,0.02206921
1000384,9.26867112,0.00190519
1000385,333.889827,0.07487232
1000386,369.3315203,0.07555014
1000387,110.7830503,0.02758848
1000388,43.00961588,0.0103881
1000389,12.34051375,0.00299924
1000390,76.7949505,0.01732956
1000391,22.4858247,0.00455413
1000392,71.0343345,0.01663064
1000393,107.9715591,0.02269185
1000394,129.1325896,0.02769598
1000395,45.40657175,0.00766256
1000396,126.2041874,0.02466003
1000397,59.3047565,0.01484104
1000398,28.3617325,0.00722685
1000399,70.99917925,0.01605353
1000400,38.51944375,0.00886396
1000401,43.65830719,0.00962957
1000402,22.1732385,0.00467361
1000403,69.44543162,0.01446655
1000404,211.5024421,0.05931379
1000405,143.1457819,0.03792122
1000406,111.4475473,0.02975149
1000407,73.6607555,0.01431782
1000408,37.95719655,0.00636729
1000409,140.2861495,0.03084001
1000410,11.749026,0.00196717
1000411,192.1085177,0.03639797
1000412,84.947141,0.01715095
1000413,48.98720533,0.00733933
1000415,136.003884,0.03185229
1000416,35.26765012,0.0087898
1000417,43.46883171,0.00345741
1000418,148.6551684,0.03687561
1000419,118.3935135,0.02102411
1000420,3.62340675,0.00035115
1000421,30.313233,0.00701287
1000422,29.83852375,0.00479033
1000423,28.86452062,0.0065481
1000424,6.74878475,0.00136618
1000426,49.98073825,0.01065926
1000427,12.5109082,0.00175054
1000428,23.75397188,0.00564536
1000429,39.65000425,0.00894404
1000430,44.75253156,0.01111229
1000431,9.4628075,0.0026659
1000432,27.69474638,0.00332965
1000433,174.5626551,0.03297369
1000435,216.0907419,0.04332058
1000436,40.64875838,0.00812873
1000437,113.0867375,0.02732276
1000438,412.9408656,0.09341501
1000439,1136.226766,0.19419192
1000440,167.9285418,0.0371187
1000441,48.19764225,0.01025648
1000442,79.7794235,0.01612396
1000444,32.16783162,0.00532258
1000445,122.6154135,0.03414145
1000446,238.4226616,0.05197892
1000447,515.6865874,0.1214001
1000448,32.85903638,0.00509566
1000449,94.95101242,0.02007873
1000450,44.24178575,0.01160567
1000451,355.4226724,0.06458021
1000452,433.6750033,0.07810984
1000454,75.67793531,0.01744319
1000455,105.1551139,0.02508701
1000456,60.40034925,0.01496576
1000457,31.76162525,0.00695576
1000458,275.255292,0.06543823
1000459,30.74327029,0.00771752
1000460,72.652112,0.01615755
1000461,1.4383335,0.00036703
1000462,209.4297045,0.04210403
1000463,5.48737975,0.00159654
1000464,8.5711255,0.00145496
1000465,585.6342242,0.16340767
1000466,127.0838943,0.03204884
1000467,190.0008906,0.03807838
1000468,367.2994579,0.08755038
1000469,757.3701583,0.18684874
1000470,1255.084996,0.3599921
1000471,475.4306813,0.0816646
1000472,172.0927632,0.03142936
1000473,211.8979575,0.03925144
1000474,95.15795433,0.02606351
1000475,318.7129355,0.06776551
1000476,127.7045233,0.03701529
1000477,929.6807626,0.16987317
1000478,11.20024788,0.00231003
1000479,44.33715542,0.01101594
1000480,343.8860709,0.06931766
1000481,223.3100198,0.04645438
1000482,49.2161175,0.01026422
1000483,527.5983973,0.14196407
1000484,73.41787325,0.01768728
1000485,382.214262,0.10347832
1000487,147.9575113,0.03322056
1000488,299.8844386,0.07129286
1000489,4.50396025,0.00105643
1000490,50.265016,0.00617495
1000491,326.7839715,0.08393104
1000492,370.1052193,0.08544745
1000493,445.0147376,0.10895941
1000494,603.0475447,0.16298852
1000495,662.6782086,0.18478282
1000496,239.2340576,0.06493996
1000497,440.7469959,0.10703032
1000498,155.1698387,0.03696359
1000499,84.41459131,0.02049483
1000500,472.5908628,0.11396023
1000501,118.3526726,0.02934817
1000502,191.2078769,0.04312183
1000503,84.84391086,0.01456359
1000504,334.6622241,0.07589549
1000505,253.4232545,0.04012871
1000506,107.2255793,0.01976148
1000508,191.135938,0.04166448
1000509,67.270433,0.01371592
1000510,23.82325817,0.00482219
1000511,15.68244012,0.00455047
1000512,18.41741125,0.00474976
1000513,187.0477115,0.03570077
1000514,46.268518,0.0114944
1000515,55.3783714,0.01516307
1000517,104.133011,0.02076146
1000518,208.5004278,0.04089965
1000519,249.0943226,0.05075806
1000520,246.7052622,0.04659799
1000521,239.5466587,0.05117082
1000522,233.0048766,0.04404356
1000523,34.15692317,0.00683887
1000524,14.254333,0.00319704
1000525,38.26248125,0.00992105
1000526,67.91393875,0.01430354
1000527,7.86052262,0.00174309
1000528,7.29571975,0.00127197
1000529,27.755187,0.00699795
1000530,27.64717825,0.0054316
1000531,303.2705538,0.06354825
1000532,158.4690046,0.01457769
1000533,191.2073028,0.0362335
1000534,220.3552805,0.03845093
1000535,87.5084815,0.02297596
1000536,4.90533175,0.00112687
1000537,39.17648525,0.01071865
1000539,115.6900559,0.02906339
1000540,104.1145158,0.02254088
1000541,82.52526292,0.0152297
1000542,41.70490114,0.01024104
1000543,135.5459716,0.02529609
1000544,66.2098565,0.01411837
1000545,48.22596225,0.01130061
1000547,195.0649301,0.04331797
1000549,102.3067754,0.02315273
1000550,25.9801965,0.00715385
1000551,205.5490369,0.04066492
1000552,25.7340715,0.00622416
1000553,30.9796305,0.00820083
1000554,23.88088775,0.00629252
1000556,65.09897438,0.01585692
1000557,54.55746125,0.01530803
1000558,9.28600388,0.0023382
1000559,401.0881468,0.08965467
1000560,53.28001058,0.01228795
1000561,171.0414852,0.03022006
1000562,28.201026,0.00641124
1000563,92.23470458,0.02373837
1000564,76.4148285,0.01333033
1000565,3.989654,0.00086518
1000566,302.7167085,0.07114208
1000567,38.72816725,0.009467
1000568,35.38630525,0.00804082
1000569,83.22537075,0.01994947
1000570,85.301829,0.02531617
1000571,48.5999995,0.01332262
1000573,125.8698583,0.03309609
1000574,194.991581,0.03723629
1000575,246.5177195,0.04816382
1000576,114.1387308,0.01194596
1000577,155.4744074,0.03273413
1000578,100.6941523,0.02058917
1000579,237.2747818,0.05740885
1000580,34.751685,0.00852305
1000582,54.34180575,0.01506649
1000583,31.01628338,0.00717565
1000585,184.2901159,0.03894887
1000586,68.07816662,0.01535886
1000587,161.4824083,0.0292939
1000588,37.88235333,0.00908682
1000589,173.8633627,0.03321268
1000590,36.419202,0.00770967
1000591,50.58494167,0.01207224
1000592,52.85980767,0.01242534
1000593,26.2236225,0.005882
1000594,269.4269948,0.06052991
1000595,47.96878975,0.01034225
1000596,175.5227791,0.04253442
1000597,412.3910574,0.09012785
1000598,56.4481475,0.01262306
1000599,55.87478325,0.01450701
1000600,81.72530942,0.01943961
1000601,0,0
1000603,55.15297283,0.01376891
1000604,112.5979273,0.0261869
1000605,33.10283108,0.00784757
1000606,67.388463,0.01654693
1000607,478.5433299,0.11174072
1000608,167.9386501,0.0385342
1000609,16.897798,0.00308426
1000610,66.18045633,0.01529181
1000611,116.2895439,0.02272514
1000612,61.12866975,0.01529811
1000613,131.3198594,0.03019256
1000614,221.9165832,0.04689456
1000615,97.946688,0.02443463
1000616,213.6926424,0.04725945
1000617,22.98609488,0.00582424
1000618,71.1894215,0.01653214
1000619,41.26781442,0.00972811
1000620,176.5512629,0.04158455
1000621,52.99904138,0.01465377
1000622,13.8198166,0.00290768
1000623,4.38197988,0.00106101
1000624,4.50135075,0.00124081
1000625,122.4126695,0.03208437
1000626,6.629913,0.00143553
1000627,0,0
1000628,7.85085975,0.00098866
1000630,12.7458265,0.00240143
1000631,10.39391033,0.00156128
1000632,16.90506858,0.00339485
1000633,205.2704332,0.03988391
1000634,51.7359945,0.01073559
1000635,8.30631325,0.00060003
1000636,3.17540475,0.00047214
1000637,290.276097,0.07432157
1000639,410.1699816,0.09540535
1000640,24.36497883,0.004927
1000641,50.84202475,0.01018046
1000642,41.71351483,0.0100464
1000643,154.6313326,0.03299012
1000644,834.3426813,0.16926964
1000645,84.12928075,0.02107396
1000646,74.659183,0.01707587
1000648,50.03249338,0.01232337
1000650,89.82039987,0.01907977
1000652,23.894975,0.00536665
1000653,122.1146779,0.02452519
1000654,16.620889,0.00391507
1000655,50.66175675,0.00796478
1000656,8.1722015,0.00181356
1000657,32.67848675,0.00768903
1000658,18.10182375,0.00387669
1000659,4.72092288,0.00065979
1000660,167.8492868,0.0310782
1000661,50.44449962,0.0114848
1000662,5.7730215,0.00140475
1000663,59.981443,0.01588456
1000664,67.00238388,0.01504122
1000666,51.05112675,0.00580141
1000667,2.93227275,0
1000668,26.285691,0.00729875
1000669,8.806723,0.00234003
1000670,70.71008088,0.01345556
1000671,76.372724,0.01539067
1000672,23.31718525,0.00477275
1000673,59.72812912,0.0119161
1000674,94.52917308,0.0193857
1000675,110.9075089,0.02522687
1000676,40.77661062,0.0077466
1000677,10.7694735,0.00185344
1000679,195.9703294,0.03897341
1000680,75.49424038,0.01627979
1000682,98.78614325,0.01949121
1000683,5.95962,0.00138461
1000684,2.162601,0.00045006
1000685,47.45667575,0.009591
1000686,48.10090725,0.00681182
1000687,244.630472,0.05761645
1000688,251.2566658,0.04998651
1000689,246.0267313,0.05162716
1000690,68.940264,0.01532738
1000691,141.6579724,0.02561927
1000693,353.3494198,0.07583293
1000694,9.152146,0.00175418
1000695,52.44765575,0.01171026
1000696,53.34211575,0.00956124
1000697,4.01453933,0.0009699
1000698,802.9352066,0.16205916
1000700,11.620328,0.0025513
1000702,57.39974538,0.01241032
1000703,231.176473,0.05042059
1000704,44.797754,0.0098077
1000705,146.1374165,0.02935703
1000706,6.48024175,0.00177228
1000707,40.23107612,0.0060837
1000708,39.752984,0.00683086
1000709,535.7648398,0.06029543
1000710,198.8615031,0.04391445
1000711,38.614428,0.00640835
1000712,427.6462065,0.08739683
1000713,54.30197088,0.01068348
1000714,28.89671975,0.00516884
1000718,9.1110075,0.0025963
1000719,456.634196,0.08297768
1000720,85.23603412,0.01932094
1000721,277.0849805,0.06380413
1000722,4.01261775,0.00102396
1000723,57.65738312,0.0140157
1000724,120.2939739,0.0265001
1000726,43.5633995,0.0059093
1000727,31.1050165,0.00528165
1000728,76.85890544,0.01499814
1000729,111.8214088,0.03062083
1000730,17.95143225,0.00501017
1000731,157.3165554,0.03507898
1000732,214.7548385,0.0502058
1000733,49.1585415,0.01238058
1000734,20.46025175,0.00587648
1000735,10.04209375,0.00300246
1000737,13.7523198,0.00248602
1000738,96.61288375,0.02694939
1000739,305.7652396,0.06882766
1000740,153.4576354,0.03207151
1000741,70.08497475,0.0117373
1000742,21.88902988,0.0058035
1000743,79.50693706,0.01941574
1000744,101.2072578,0.02187904
1000745,149.895726,0.04211176
1000746,98.45210075,0.02576017
1000747,52.77594388,0.01319274
1000748,21.06041,0.00493009
1000749,4.6435095,0.00122425
1000750,70.45278712,0.01457841
1000752,5.869549,0.00119103
1000753,37.2121015,0.00996655
1000754,6.5690095,0.00189793
1000755,47.26697708,0.0116787
1000756,39.15411738,0.00947911
1000757,91.6814426,0.02224104
1000758,72.26301022,0.01831251
1000759,174.6414559,0.03631899
1000760,655.3647391,0.1655264
1000761,428.4647965,0.09631318
1000763,16.167104,0.00404617
1000764,88.7300755,0.02005401
1000765,64.05978612,0.0156423
1000766,79.05897612,0.01483791
1000767,15.4446485,0.0036568
1000768,139.4302578,0.03122175
1000769,122.907918,0.02976128
1000771,46.0340215,0.01113437
1000772,109.6805019,0.02342654
1000773,118.3152408,0.0249878
1000774,136.0547766,0.02957491
1000775,99.23563183,0.01971073
1000777,67.84051023,0.01697292
1000778,425.6351928,0.07423089
1000779,349.3480433,0.09202916
1000780,244.9569314,0.05653189
1000781,1120.109145,0.31181128
1000782,41.771372,0.01024783
1000783,255.3800368,0.05285792
1000785,108.3634849,0.02900814
1000786,8.7458725,0.00256693
1000788,100.6010947,0.02481455
1000789,13.542398,0.00354504
1000790,94.95520088,0.01867985
1000791,128.0806271,0.03084482
1000792,128.034358,0.03510932
1000793,77.348785,0.0182851
1000794,20.25786175,0.00533929
1000795,88.15207125,0.01351685
1000796,183.706897,0.03833708
1000797,28.828041,0.00554676
1000798,52.110981,0.01434739
1000799,225.9280089,0.05401211
1000800,112.560368,0.02894637
1000801,105.3120646,0.02351419
1000802,130.9323038,0.02819161
1000803,22.5858525,0.00551356
1000804,69.60206109,0.01766314
1000806,120.5242836,0.0340966
1000807,49.8381925,0.00987579
1000809,101.4587784,0.02209113
1000810,54.0135715,0.01562456
1000812,80.22763458,0.01515088
1000813,51.30126675,0.01513566
1000814,32.99728875,0.00914052
1000815,137.1429304,0.04155297
1000816,36.10041925,0.00988154
1000817,106.2148883,0.02392983
1000818,31.00572262,0.00743685
1000820,178.1755219,0.04204153
1000821,106.142041,0.02816349
1000823,116.1763441,0.02829091
1000824,10.708073,0.0016275
1000825,8.64585617,0.0022532
1000826,8.701553,0.00222158
1000827,132.2485275,0.03111699
1000828,78.80479925,0.01592885
1000829,204.2740635,0.04457465
1000830,201.3356523,0.04985294
1000831,36.30365275,0.00651099
1000833,17.6200085,0.00132494
1000834,258.6325065,0.05757141
1000835,38.86461,0.01081746
1000836,35.973944,0.00940244
1000837,288.0002691,0.08181977
1000838,175.0547195,0.0471502
1000839,873.5902861,0.22594511
1000842,6.16039525,0.0014369
1000844,282.9118908,0.0592558
1000845,96.98814694,0.01864028
1000846,368.1149269,0.06007184
1000847,346.4874401,0.06096042
1000848,318.5064829,0.06323602
1000849,845.1592558,0.18483089
1000850,199.247527,0.04467365
1000851,202.4916828,0.04117365
1000852,399.756892,0.06531793
1000853,67.82357042,0.01461504
1000854,61.48426191,0.00831212
1000855,1026.516392,0.16619261
1000856,95.0603855,0.02351653
1000857,117.9286873,0.02225465
1000858,142.8187956,0.03200232
1000859,458.0610941,0.08085693
1000860,518.0996151,0.09074504
1000861,267.4700793,0.03928895
1000862,80.66645712,0.01720974
1000863,266.7913738,0.04369883
1000864,305.590053,0.05991761
1000865,179.2498496,0.03839319
1000866,1553.402759,0.25429142
1000867,339.7508458,0.05737064
1000868,248.8239638,0.065192
1000869,13.43476525,0.00318398
1000870,442.2108819,0.08936907
1000871,541.5619884,0.10212808
1000872,98.31833058,0.01977487
1000873,272.3628198,0.04886561
1000875,162.0520834,0.0204747
1000876,89.89757581,0.01846998
1000877,29.38274488,0.00710262
1000878,60.73199912,0.01362721
1000879,96.873935,0.02662552
1000880,33.26119433,0.00690261
1000881,191.0063717,0.03620013
1000882,172.3188785,0.02047867
1000883,157.7582067,0.02980685
1000884,44.41328833,0.0092825
1000885,562.7383459,0.06823952
1000886,158.395063,0.04093868
1000887,197.0631835,0.04593989
1000888,57.58923164,0.01081947
1000889,40.42821925,0.00725951
1000890,118.5700056,0.02120874
1000891,79.5645815,0.01535425
1000892,321.2137655,0.05121185
1000893,104.3262652,0.02245007
1000894,139.9339821,0.02166688
1000895,140.1801403,0.02931866
1000896,129.3022303,0.02677801
1000897,59.8042615,0.01332531
1000898,146.8058063,0.02710673
1000899,309.2911034,0.07932552
1000900,1182.803111,0.19562571
1000901,449.8598316,0.07660964
1000902,417.1888268,0.08667957
1000903,36.47007712,0.00736879
1000904,362.3666734,0.05679931
1000905,528.4670345,0.13606689
1000906,163.1148809,0.03064844
1000907,442.1900519,0.07882427
1000908,119.8104348,0.0214446
1000909,15.010638,0.00317407
1000910,293.4331784,0.03470926
1000911,542.7777272,0.08086205
1000912,9.1361365,0.00063875
1000913,229.2399796,0.04311383
1000914,266.9469969,0.05753819
1000915,27.90408075,0.00749687
1000916,169.1365768,0.02800547
1000917,202.094133,0.04021618
1000918,116.8667541,0.02082504
1000919,105.7814793,0.01851532
1000920,113.9216119,0.0233243
1000921,46.89614829,0.00939285
1000922,119.0058651,0.02034802
1000923,74.22080208,0.01591301
1000924,274.6724106,0.05123792
1000925,345.6290357,0.04959522
1000926,119.8528238,0.02569287
1000927,656.0055778,0.1184059
1000928,126.7579582,0.02529302
1000929,632.5801777,0.14922878
1000930,679.6389049,0.09474465
1000931,341.5813284,0.06346996
1000932,405.7298023,0.07935738
1000933,157.6846113,0.03813036
1000934,67.38086394,0.01305976
1000935,1290.995876,0.21028186
1000936,146.3576212,0.02549836
1000937,267.3369926,0.05985616
1000938,102.9669235,0.02837649
1000939,107.6855063,0.01859841
1000940,376.7306299,0.07364062
1000941,410.71851,0.08817152
1000942,45.07555025,0.01009154
1000943,247.5419041,0.04801306
1000944,157.2752813,0.0354891
1000945,407.5735266,0.0835956
1000946,142.5040918,0.02553971
1000947,188.2964388,0.05021568
1000948,75.93471892,0.01552521
1000949,81.62701481,0.01659673
1000950,52.09800775,0.01316861
1000951,214.5208275,0.0475226
1000952,108.7319794,0.02196381
1000953,65.92038658,0.01481899
1000954,361.4021133,0.07526978
1000955,58.80398738,0.01151546
1000956,111.9133067,0.02596767
1000957,258.184581,0.05393237
1000958,554.0582076,0.0842543
1000959,242.3492775,0.05507435
1000960,57.3959025,0.01104346
1000961,459.8665951,0.06735852
1000962,387.0280844,0.06244213
1000963,258.4891863,0.05163304
1000964,198.0072983,0.04258388
1000965,141.509356,0.03047203
1000966,31.92254371,0.00755393
1000967,367.1827206,0.059714
1000968,271.1635456,0.0580572
1000969,106.7196548,0.025962
1000971,6.60053625,0.0004979
1000972,78.6688066,0.01349298
1000973,77.37695825,0.02012283
1000974,97.426178,0.01917536
1000975,6.32028825,0.00123458
1000976,39.66149,0.00826222
1000977,252.8527489,0.04827091
1000978,215.831143,0.05003197
1000979,311.768998,0.05975275
1000980,287.2815074,0.05763749
1000981,336.5838927,0.07533549
1000982,52.60113862,0.00972172
1000983,148.7844018,0.03184727
1000984,151.9220433,0.03671066
1000985,43.21747175,0.01142558
1000986,168.3088356,0.03503944
1000987,63.45991858,0.01286596
1000988,64.40705138,0.01405156
1000989,90.220926,0.01983189
1000990,72.51926338,0.01111708
1000991,58.16931375,0.0134579
1000992,180.4069705,0.03758844
1000993,437.0468377,0.07857402
1000994,75.716479,0.01625305
1000995,10.29432325,0.00175171
1000996,62.438781,0.01396959
1000997,45.94340512,0.00772752
1000998,89.65529192,0.01889222
1000999,68.8622865,0.01669611
1001000,156.4616858,0.03860272
1001001,122.091479,0.02534313
1001002,152.7896031,0.03651964
1001003,69.480385,0.01439962
1001004,27.50017358,0.0053604
1001005,40.00805275,0.00790017
1001006,137.1472048,0.02746982
1001007,56.318571,0.01034076
1001008,257.0813167,0.06282056
1001009,90.69985425,0.01942026
1001010,36.4824975,0.00833009
1001011,584.4285426,0.12775814
1001012,90.31053142,0.01654954
1001013,284.8452246,0.05893319
1001014,240.8824583,0.04016947
1001015,803.4438672,0.18032922
1001016,358.5228728,0.09285581
1001017,633.673385,0.15120857
1001018,532.8644068,0.08526935
1001019,277.7934467,0.0391226
1001020,793.4244921,0.17627973
1001021,380.5984984,0.07518719
1001022,987.0557654,0.22164834
1001023,1324.803388,0.27519477
1001024,1962.624812,0.33331561
1001025,1780.529399,0.43386955
1001026,30.769965,0.0054853
1001027,3261.635708,0.68223034
1001028,166.8264759,0.04123877
1001029,463.7701533,0.08526411
1001030,548.0231618,0.09135317
1001031,1290.760568,0.3660148
1001032,1098.506018,0.31118545
1001033,815.0224624,0.16388156
1001034,689.1001136,0.15033723
1001035,555.285421,0.10057029
1001036,208.8858408,0.04537836
1001037,446.2057593,0.09262196
1001038,2586.890615,0.55526228
1001039,556.8454925,0.09720008
1001040,699.1925709,0.19324242
1001041,979.7064681,0.18607802
1001042,472.4122678,0.07974329
1001043,319.8795683,0.05779339
1001044,672.7211276,0.11980995
1001045,1816.005251,0.40846214
1001046,318.3065109,0.08621194
1001047,242.5824627,0.04677479
1001048,711.519907,0.14462648
1001049,142.1945069,0.02956773
1001050,2197.469204,0.38986999
1001051,2391.548394,0.50019149
1001052,817.6237209,0.13304859
1001053,221.1491943,0.0405427
1001054,475.1109006,0.08794443
1001055,308.260995,0.04246002
1001056,624.6663074,0.13257583
1001057,663.0975092,0.12040788
1001058,530.8611683,0.10748804
1001059,421.6994252,0.08602427
1001060,193.3253396,0.03273471
1001061,355.9562541,0.06342531
1001062,3098.159343,0.64052143
1001063,1188.661418,0.14158066
1001064,183.5885424,0.03765215
1001065,223.73519,0.04184518
1001066,3607.550873,0.76469074
1001067,145.0451926,0.02972389
1001068,376.4023195,0.06126146
1001069,119.946955,0.02319124
1001070,488.7250199,0.1018334
1001071,849.3726143,0.17143267
1001072,607.1358916,0.13096322
1001073,4088.347109,0.79018967
1001074,155.9036101,0.02984174
1001075,473.459826,0.05917704
1001076,579.3374604,0.13276339
1001077,1279.413846,0.24240748
1001078,4635.936625,1.1319207
1001080,46.565326,0.01148553
1001081,2231.376903,0.33390067
1001082,2692.299999,0.50669254
1001083,191.1594599,0.04045686
1001084,932.8962825,0.15097399
1001085,7937.74303,2.09444309
1001086,3960.579072,0.90495132
1001087,1752.441933,0.31190052
1001088,1488.850282,0.23898392
1001089,692.6543263,0.16223863
1001090,229.1555507,0.04601789
1001091,714.9361683,0.12157798
1001092,647.9917452,0.14130931
1001093,2296.552158,0.55159589
1001094,294.6000739,0.02909114
1001095,2037.636446,0.49741992
1001096,3210.722742,0.73115795
1001097,2012.471834,0.37490004
1001098,732.9800618,0.14075988
1001099,949.9706103,0.17483304
1001100,197.8151764,0.04250953
1001101,359.5161369,0.07482167
1001102,170.8660978,0.04148448
1001103,4192.422023,0.8712055
1001104,712.5236054,0.1406883
1001105,1062.790293,0.28970266
1001106,228.435236,0.05459098
1001107,950.2515617,0.19958682
1001108,123.970261,0.01903601
1001109,1141.565792,0.19527869
1001110,2485.762264,0.57650447
1001111,845.1238679,0.11972648
1001112,802.2998897,0.11964845
1001113,669.6351251,0.18305674
1001114,404.0387414,0.04969814
1001115,506.1391207,0.10583296
1001116,130.633992,0.03214954
1001117,1432.756304,0.30949286
1001118,368.8944277,0.07316712
1001119,279.7640842,0.07441524
1001120,961.7151664,0.12170489
1001121,117.264652,0.0274731
1001122,378.0748529,0.05662462
1001123,1633.703475,0.24909009
1001124,28.6921855,0.00490163
1001125,661.4356274,0.09856893
1001126,25.16612088,0.00367981
1001127,4326.991312,0.59934178
1001128,12,0.00281324
1001129,377.7002675,0.06553838
1001130,418.1531123,0.06244118
1001131,201.1209566,0.0311623
1001132,101.7082698,0.02136381
1001133,1272.364056,0.19862294
1001134,4121.688461,0.69827834
1001135,9029.822894,2.05088461
1001136,287.6182833,0.05419268
1001137,209.9911353,0.04596817
1001138,3528.821192,0.58646571
1001139,275.3279096,0.06360412
1001140,1835.235792,0.28031486
1001141,6286.828864,1.13513376
1001142,505.1177785,0.06146732
1001143,462.9265246,0.09650899
1001144,1837.568039,0.28152068
1001145,3633.835582,0.90569817
1001146,179.7793835,0.04334228
1001147,62.947438,0.01115318
1001148,164.5355944,0.03590543
1001149,380.1960893,0.07986281
1001150,4470.48558,1.17149106
1001151,17.884662,0.00464437
1001152,473.1702798,0.10295726
1001153,1361.446163,0.35137806
1001154,104.4917911,0.01480093
1001155,274.6929346,0.05204569
1001156,668.896334,0.14874662
1001157,550.0295184,0.12970519
1001158,292.8121451,0.06488229
1001159,375.7922586,0.08925473
1001160,704.1034189,0.1634402
1001161,1003.927159,0.21704343
1001162,720.6966417,0.19408232
1001163,1887.10638,0.48963828
1001164,973.2926996,0.20276275
1001165,2501.683381,0.67006388
1001166,824.5871253,0.14298659
1001167,1583.793794,0.32186524
1001168,412.3020047,0.09240213
1001169,282.9825135,0.04732089
1001170,336.7021477,0.06371154
1001171,20.97455375,0.00382209
1001172,188.1049137,0.05345044
1001173,1096.932487,0.24517096
1001174,111.9688159,0.02460011
1001175,1202.519679,0.2395057
1001176,157.868131,0.02948921
1001177,655.5347666,0.13955314
1001178,731.0842526,0.15942433
1001179,875.4133013,0.19239159
1001180,388.5749566,0.09927671
1001181,448.1338004,0.10151221
1001182,16810.62136,4.54919221
1001183,901.7744741,0.17623023
1001184,428.895681,0.10615765
1001185,5344.276098,1.43119365
1001186,1904.207603,0.49048859
1001187,571.2473388,0.15953055
1001188,520.9193703,0.10047675
1001189,931.8927023,0.16709307
1001190,159.387562,0.02818857
1001191,3.793521,0.0010414
1001192,1468.893333,0.33523062
1001193,209.4770409,0.03908538
1001194,612.6966659,0.1081501
1001195,146.2434339,0.03195096
1001196,2092.754039,0.43261105
1001197,214.6584371,0.04179445
1001198,233.1794673,0.05344362
1001199,679.5382646,0.122056
1001200,849.0185548,0.15398502
1001201,667.4130234,0.10611385
1001202,1321.41135,0.29783317
1001203,5047.911028,1.12524851
1001204,1013.271949,0.17937092
1001205,547.4154256,0.11147443
1001206,387.1891848,0.07618295
1001207,464.0605209,0.11615449
1001208,800.3904488,0.13804826
1001209,2746.837424,0.45530918
1001210,1368.085283,0.25467415
1001211,468.6024528,0.12320047
1001212,17.4534155,0.00384092
1001213,2034.509433,0.50320879
1001214,270.0277703,0.03918504
1001215,1676.588197,0.27682193
1001216,685.9561451,0.13743768
1001217,334.6269845,0.06334476
1001218,66.11423975,0.00843681
1001219,258.9008267,0.0586753
1001220,108.9629263,0.02532449
1001221,997.7278616,0.21459127
1001222,232.8098546,0.052782
1001223,2757.242843,0.50274738
1001224,208.4042653,0.03647307
1001225,157.8476559,0.02582987
1001226,971.1359726,0.18105653
1001227,4897.334717,0.93623932
1001228,288.2403142,0.0534957
1001229,128.4743358,0.03289172
1001230,2199.005446,0.3846685
1001231,588.6098001,0.11505453
1001232,1771.304504,0.44621045
1001233,639.9866398,0.15981369
1001234,500.9029363,0.10250728
1001235,695.1888833,0.14958378
1001236,557.6120654,0.11248466
1001237,794.8082194,0.15522085
1001238,2142.757,0.50943654
1001239,3322.596505,0.59581712
1001240,2475.804622,0.6270343
1001241,396.1097084,0.10836576
1001242,2131.699164,0.56333564
1001243,432.6216784,0.08871135
1001244,1366.876209,0.34263054
1001245,1937.414967,0.49332639
1001246,119.4130963,0.02132744
1001247,34.32919412,0.00663233
1001248,664.7901129,0.14597885
1001249,103.7571971,0.01846691
1001250,299.4535598,0.07682715
1001251,1373.713727,0.33414256
1001252,382.2780056,0.08278823
1001253,312.413572,0.07904916
1001254,1045.023037,0.25132257
1001255,46.757846,0.0113699
1001256,654.9062936,0.16051877
1001257,917.5920269,0.22736454
1001258,290.8692988,0.06958535
1001259,134.0998906,0.03041278
1001260,669.7042894,0.13960236
1001261,531.7782549,0.13418252
1001262,696.4008703,0.14353831
1001263,1630.505206,0.42922745
1001264,298.0144848,0.07767164
1001265,86.998011,0.01705735
1001266,162.5626003,0.03945138
1001267,119.474125,0.02094001
1001268,12.58303725,0.00019178
1001270,115.9655112,0.02433201
1001271,15.4446605,0.00240363
1001273,1208.884845,0.25749033
1001274,98.91036486,0.00901111
1001275,98.8293485,0.01470896
1001276,916.1403358,0.23649486
1001277,181.3224008,0.01704643
1001279,164.1495241,0.03858502
1001282,146.8723844,0.02989271
1001283,68.54461675,0.01592764
1001284,29.90735912,0.00306342
1001285,79.4083665,0.01649896
1001287,79.3225145,0.02004616
1001289,36.3623248,0.00489692
1001290,492.8209879,0.08724985
1001291,861.6699101,0.22909508
1001292,45.44401342,0.01155828
1001295,220.1488004,0.03961637
1001296,21.52152414,0.00330473
1001297,59.01714038,0.01008472
1001298,80.20031125,0.01845383
1001299,155.976305,0.04494823
1001300,81.72483712,0.02287483
1001301,62.57666075,0.00722418
1001303,433.3538843,0.0512805
1001304,50.85426888,0.00988859
1001307,6.14839375,0.00115985
1001313,66.2105305,0.01202142
1001316,13.96996288,0.00301622
1001320,139.4718738,0.03062463
1001321,115.4396273,0.02711531
1001322,121.4447486,0.02582551
1001323,103.1364237,0.02114884
1001324,160.6435833,0.03840161
1001325,16.75608825,0.00131299
1001326,304.2362233,0.08386535
1001328,74.70744375,0.01537566
1001329,271.6001485,0.07346145
1001330,188.516154,0.03802309
1001331,16.28364962,0.00334941
1001332,63.03550033,0.01720026
1001333,24.78864162,0.00695822
1001334,25.24270375,0.00450729
1001335,39.39822025,0.00855046
1001336,175.3679026,0.02611547
1001338,322.7135538,0.06276347
1001340,140.9211606,0.03072059
1001341,68.26919575,0.00847941
1001343,13.05741638,0.00227551
1001346,15.605173,0.00381643
1001347,6.95970325,0.00104224
1001348,59.1009195,0.0102963
1001349,59.16215625,0.01069341
1001350,99.52754217,0.02088314
1001351,13.0490465,0.00094579
1001352,13.53182088,0.00253936
1001353,23.60151112,0.00561733
1001355,67.67566725,0.01543104
1001357,85.851232,0.01473146
1001359,88.0765688,0.01948808
1001360,118.960003,0.02585847
1001362,2.710291,0.0000877
1001363,36.45258175,0.00713618
1001364,88.622717,0.02006435
1001365,109.7314286,0.01998406
1001367,29.42999908,0.00486741
1001368,418.089568,0.07540751
1001370,0,0
1001371,152.104579,0.01858464
1001373,19.22564675,0.00417031
1001374,13.55345288,0.00199349
1001377,94.38489825,0.01738418
1001378,34.817861,0.00790155
1001379,30.356069,0.00726347
1001380,115.3940326,0.02279029
1001383,309.877574,0.03259011
1001384,8.75997625,0.00185948
1001385,94.36675138,0.02123956
1001386,56.81465125,0.01118968
1001387,8.7888435,0.00238753
1001388,17.71733275,0.00348535
1001390,96.89958275,0.02586096
1001391,179.9891266,0.03925429
1001392,142.0497718,0.03824549
1001393,91.74338038,0.01423971
1001394,47.37239825,0.01135099
1001395,101.8078238,0.0158097
1001396,38.26103788,0.00581702
1001397,13.63759383,0.00340507
1001399,22.42440475,0.00415636
1001402,19.87692738,0.0043753
1001403,79.83434425,0.01535118
1001404,239.2367864,0.01569456
1001406,272.8987781,0.05585109
1001408,31.802964,0.00334593
1001409,54.39035742,0.01248924
1001411,29.838109,0.00543225
1001412,356.307579,0.08158257
1001413,468.3746341,0.11130555
1001414,378.4232185,0.07344925
1001415,48.306045,0.00882979
1001416,21.00514975,0.00479964
1001417,9.39728675,0.00267202
1001418,141.9304819,0.02401364
1001420,270.904109,0.0562708
1001422,432.5736948,0.09277105
1001424,1.939283,0.00041353
1001426,248.9499484,0.04229161
1001427,216.8073119,0.04766766
1001429,209.6068759,0.03980386
1001430,4049.987163,1.07143861
1001437,14.95229675,0.00329779
1001440,794.5873984,0.21584831
1001441,50.60227912,0.01224152
1001443,106.9128116,0.02744811
1001444,191.918984,0.03936658
1001445,122.9748605,0.02499147
1001446,195.1743329,0.03967
1001447,32.17561262,0.00769546
1001448,165.7566108,0.03522286
1001449,332.0774859,0.07410837
1001450,207.6185541,0.05065962
1001452,107.7601647,0.02044098
1001453,559.5579838,0.16635093
1001454,5.70610225,0.00166489
1001455,15.244617,0.00256739
1001457,38.58219425,0.00957446
1001458,231.1045767,0.04456632
1001459,61.11592929,0.01459368
1001460,197.2691858,0.04623397
1001462,518.979087,0.12174756
1001463,5.9849905,0.00097771
1001466,39.00429875,0.00900379
1001467,38.36438275,0.00821057
1001468,4.489568,0.00042148
1001469,282.904813,0.04947307
1001470,77.61543242,0.01511684
1001471,261.9848911,0.05424478
1001473,54.66312762,0.00866132
1001475,69.78907685,0.01330189
1001476,4.88951925,0.0005308
1001477,93.085977,0.00464718
1001478,207.9284115,0.04453107
1001479,144.4435735,0.03659172
1001480,69.47373912,0.01506033
1001481,8.6503895,0.00085827
1001482,129.0343333,0.02407811
1001483,85.0523655,0.01064364
1001485,130.0226788,0.02527496
1001487,18.3895445,0.00281606
1001488,51.51992675,0.00906036
1001489,181.4240363,0.03878917
1001490,49.38527355,0.01041746
1001491,10089.04911,2.62222413
1001492,13918.68685,2.79903622
1001493,2350.942828,0.58226281
1001494,3686.209186,0.80783825
1001495,5281.303299,1.10059139
1001496,4192.422023,0.8712055
