,T_remainpop,T_commuterpop,commercial_facility_count,subwayst_count,busst_count,분기당_매출_금액,2340대_매출금액,영업기간/서울평균,폐업기간/서울평균
1000001,1800,842,73,0,10,264.8742745,0.0585795,0.88,1.05
1000002,941,201,8,0,1,163.9281728,0.03725954,1.08,0.89
1000003,1214,3686,41,0,4,255.1289975,0.05263907,1.03,1.11
1000004,1442,56,12,0,5,90.97194527,0.02055997,0.77,1.05
1000005,1671,1797,8,0,3,446.3097831,0.09138343,0.79,0.94
1000006,650,671,24,0,4,22.50987675,0.00457511,0.97,1.26
1000007,424,503,27,0,4,1117.317075,0.29201317,0.81,1
1000008,670,234,20,0,6,428.8157459,0.10540027,0.82,0.87
1000009,747,2703,31,0,7,540.2744336,0.10694611,0.85,1.07
1000010,946,148,14,0,0,85.90604312,0.02330149,0.98,0.89
1000011,899,329,17,0,1,219.1023863,0.04081079,1.12,0.94
1000012,2571,58,12,0,3,308.6167703,0.07801538,0.69,1.03
1000013,230,313,18,0,1,117.5263545,0.0246359,1.07,1.04
1000014,463,235,4,0,1,85.09825725,0.0177291,1.21,1.15
1000015,1607,497,13,0,1,218.1550096,0.05237593,1.01,1.16
1000016,677,214,28,0,5,355.6063715,0.08668489,0.8,1.18
1000017,47,1011,14,1,2,72.91111125,0.01235778,1.51,1.36
1000018,456,137,18,0,1,38.90581233,0.0085492,0.92,1.03
1000019,3479,275,24,0,5,198.4880285,0.05198354,1.21,0.98
1000021,932,787,17,0,4,70.28668938,0.01355131,1.03,1.18
1000023,1269,15,4,0,0,2.99514025,0.0005341,1.22,1.4
1000026,1678,6654,25,0,8,123.7717809,0.01906397,0.92,1.22
1000027,690,202,19,0,0,188.8141028,0.04705294,0.67,0.93
1000028,3407,255,25,0,2,201.2620463,0.04251782,1.12,1.2
1000030,3422,320,7,0,0,66.51805625,0.01437398,1.06,1.12
1000031,2066,91,10,0,0,15.7610135,0.00293233,0.97,0.98
1000032,1406,674,18,0,1,245.3917663,0.05162121,1.03,1.09
1000033,834,39,12,0,1,38.17973467,0.00966054,1.07,0.98
1000034,2016,1553,10,0,0,120.6357728,0.03037711,0.86,1.01
1000036,1892,1161,6,0,0,18.2617025,0.00496099,1.26,0.87
1000038,664,386,11,0,1,93.23255392,0.01704731,1.07,1.06
1000039,522,7830,34,0,4,288.1451969,0.058167,1.44,1.16
1000040,116,1571,22,0,0,478.0995449,0.06629253,1.48,1.06
1000041,1473,3778,7,0,0,42.83265186,0.00787601,0.98,1.19
1000042,1761,485,14,0,1,112.5003704,0.02447213,1.09,1.19
1000043,1953,108,1,0,0,0.17786425,4.63E-05,1.05,1.1
1000044,914,180,12,0,0,91.36077933,0.02297905,1.29,1.32
1000045,723,967,32,0,2,526.5425543,0.1298556,0.86,1.06
1000046,593,1098,25,0,3,24.30813467,0.00577335,1.36,1.13
1000047,1124,569,18,0,1,111.4233523,0.02287486,1.25,1.17
1000048,1479,438,22,0,1,52.30231933,0.01257653,1.11,1.23
1000049,3378,463,16,0,2,59.0400595,0.01591019,0.98,1.01
1000050,387,107,1,0,0,24.71221525,0.00402771,1.22,1.02
1000051,906,494,13,0,4,308.552504,0.05920545,0.99,1.12
1000052,517,56,1,0,0,482.1332825,0.12508159,1.27,1.03
1000053,774,46,8,0,0,358.4478483,0.09392764,0.9,0.98
1000054,829,43,16,0,2,140.7852311,0.03675658,0.85,0.83
1000055,1394,606,12,0,1,65.224248,0.01425423,0.99,0.95
1000056,3105,1111,19,0,4,32.5663485,0.0088974,1.06,1.13
1000057,3958,899,12,0,2,233.5335789,0.0613352,1.06,1.14
1000058,4448,535,7,0,2,45.91919954,0.00984619,0.75,0.88
1000060,2099,151,6,0,2,74.77600107,0.01685788,0.73,0.91
1000061,2630,178,14,0,3,272.2074619,0.05252654,0.91,0.98
1000062,2532,570,12,0,3,41.18914088,0.01206096,0.87,1.04
1000063,1211,1987,16,0,5,383.8265354,0.09696906,0.87,0.98
1000064,2177,308,11,0,2,112.3126166,0.03119447,0.94,1.1
1000065,1837,609,12,0,4,73.77232488,0.01163874,1.17,1.24
1000067,2330,341,13,0,2,118.5380755,0.02255388,1.28,1.05
1000068,1021,1387,13,0,2,132.2033329,0.02616813,1.04,1.24
1000069,1875,385,9,0,1,62.17553625,0.01188904,1.3,1.48
1000070,632,567,25,0,2,1033.034381,0.26703827,1.06,1.12
1000071,2266,812,19,1,2,2022.16842,0.52275764,0.58,0.91
1000072,2658,242,9,0,0,9.11086358,0.00108904,1.01,0.98
1000073,1666,192,31,0,4,1160.116,0.30088032,0.94,0.93
1000075,4019,1317,13,0,2,15.895782,0.00217911,1.25,1.09
1000076,2375,248,5,0,1,1.778486,0.00040773,1.02,1.21
1000077,2695,8152,25,0,3,272.4567059,0.06248173,0.98,1.13
1000078,466,774,14,0,1,81.73444275,0.01530788,1.2,1.23
1000079,1724,1841,13,0,2,178.6885897,0.03708633,1.02,0.94
1000080,643,8713,7,0,0,170.7161543,0.03935239,0.95,1.1
1000081,662,1047,21,1,2,212.0468314,0.05133809,1.17,1.18
1000082,697,722,11,0,2,190.3882544,0.03032107,0.95,1.28
1000083,138,224,10,0,1,100.7357973,0.02812758,1.5,1.46
1000084,631,231,19,0,1,565.3735024,0.11565331,0.69,0.83
1000085,2155,90,16,0,3,393.7607807,0.1066933,0.78,0.88
1000086,2892,163,15,0,5,40.93070388,0.00954233,1.02,0.99
1000087,5619,582,11,0,1,28.3044081,0.00687276,1,1.19
1000088,2490,704,21,0,4,241.6623617,0.051018,0.96,1
1000089,2311,22,3,0,0,2.90145675,0.00035136,0.96,1.08
1000090,3277,159,15,0,6,127.8588603,0.022696,1.09,1.29
1000091,2807,419,17,0,4,97.83678425,0.02251351,1.19,1.06
1000092,1806,2136,7,0,1,250.1750283,0.06847793,0.76,1.11
1000094,910,443,8,0,1,18,0.00409579,0.9,1.11
1000096,1200,30,10,1,0,101.7049988,0.02751881,0.81,0.93
1000097,5878,60,14,1,7,64.24798338,0.01450193,0.83,1.15
1000098,2116,164,18,0,1,141.9080894,0.03050262,0.99,1.13
1000099,1774,1897,10,0,1,86.75128325,0.01759648,0.99,1.11
1000100,960,143,19,0,1,19.61527375,0.00351873,1.07,0.93
1000101,2203,22,4,0,0,28.889068,0.00717928,0.88,1.14
1000102,2455,78,13,0,6,119.5333709,0.02856997,0.89,1.33
1000103,2412,398,2,0,0,86.3727205,0.02134904,0.91,1.03
1000104,1267,1919,17,0,1,220.5538253,0.04829644,0.9,0.94
1000105,1632,335,7,0,0,191.0620768,0.05160468,0.5,0.89
1000106,3352,393,25,0,11,72.1415285,0.01749242,1,0.94
1000107,3022,227,13,0,2,12.20396757,0.00209494,1.12,1.03
1000108,261,2988,3,0,1,119.5904598,0.03084212,0.86,0.87
1000109,1220,1442,5,0,0,128.2511573,0.0346659,0.74,0.95
1000110,635,1342,20,1,2,244.601566,0.05376034,0.72,0.98
1000111,1307,94,8,0,3,38.686506,0.00863307,1.14,1.01
1000112,2648,291,17,0,6,115.5842973,0.01674579,1.23,1.04
1000113,330,3213,1,0,0,423.1802111,0.10290212,1,1.18
1000114,428,3361,4,0,1,403.0131605,0.11057734,0.95,1.01
1000115,1459,1871,9,0,2,199.8881428,0.05132766,0.9,1.26
1000116,1782,997,12,0,2,976.0250061,0.25410702,0.77,1
1000117,2293,164,7,0,2,127.208028,0.02352904,1.16,1.03
1000118,2804,2076,30,0,5,70.99484614,0.01098418,1,1.04
1000119,2779,208,14,1,2,216.6694255,0.04914438,0.89,1.16
1000120,2009,538,20,1,3,309.8588766,0.07205745,0.79,1
1000121,2956,537,27,0,3,344.756102,0.06760382,0.97,1.04
1000122,1240,93,6,0,0,8.44187475,0.00173718,1.04,1.41
1000123,1893,90,38,0,11,72.42086625,0.01437261,1.07,1.04
1000124,2547,4951,21,0,6,125.1961565,0.02273509,0.91,1.06
1000125,855,3329,11,1,0,137.9500859,0.0311582,0.87,0.97
1000126,2073,355,13,0,6,58.64376142,0.01164251,0.9,0.89
1000127,2999,60,27,0,1,62.88239525,0.01701456,1.06,0.92
1000128,1251,25,9,0,1,179.6851511,0.04773797,0.84,1.08
1000129,2645,412,22,0,1,47.0145175,0.00931379,1.03,0.97
1000130,682,60,11,0,1,5.36,0.00125512,1.5,1.22
1000131,3777,242,18,0,3,131.3360728,0.0364592,1.09,0.98
1000132,4243,649,7,0,0,7.03834925,0.00099724,0.82,1
1000133,4111,174,22,0,4,65.43616575,0.01407407,1.03,1.02
1000134,4494,460,27,0,3,28.28072075,0.00524941,1.04,1.06
1000136,2014,138,17,0,4,37.84860512,0.00881364,0.87,0.91
1000137,3644,221,22,0,1,153.7884798,0.04408793,0.81,0.87
1000138,2330,133,12,0,1,144.0107059,0.0407566,0.91,0.84
1000139,5070,1018,7,0,0,41.46481625,0.00878164,0.89,1
1000140,3484,71,14,0,1,4.60650825,0.00117048,1.05,0.94
1000141,2931,947,3,0,0,36.39508842,0.00840155,0.7,0.83
1000142,1714,79,19,0,1,26.34537875,0.00562104,0.78,0.88
1000143,2913,42,4,0,0,32.085473,0.0093977,0.76,0.89
1000146,3557,228,17,0,2,174.1715358,0.04197885,0.95,0.93
1000147,3485,948,7,0,0,41.198822,0.00926952,0.96,0.85
1000148,3424,278,13,0,1,111.4774344,0.01843531,0.96,0.91
1000149,2784,239,15,0,3,51.3162565,0.0128433,1.12,1.1
1000150,4136,230,19,0,5,28.726772,0.00514536,1.07,0.97
1000151,2862,357,5,0,1,28.42510125,0.00778899,1.08,1.08
1000152,1768,432,2,0,0,141.063693,0.02880727,1.03,0.96
1000153,2898,243,6,0,0,65.32982692,0.01754234,0.93,0.91
1000154,2834,357,8,0,1,181.2205061,0.02985291,0.87,0.94
1000155,1481,575,11,0,5,557.716823,0.1001945,0.98,1.02
1000156,5267,396,27,0,7,222.4967066,0.05372964,0.89,0.93
1000157,3885,541,9,0,0,21.4140675,0.00586014,0.91,0.95
1000158,3738,646,16,0,0,123.0216738,0.02668091,1.06,0.9
1000160,2990,141,12,0,2,22.5017875,0.00592118,0.86,0.85
1000161,2484,448,27,0,2,307.8857277,0.08010543,0.88,1
1000162,4406,218,16,0,1,167.5402623,0.03714214,0.78,1
1000163,2651,170,10,0,3,20.52144262,0.00331019,1.1,1.01
1000164,3655,587,6,0,1,23.17981888,0.00424313,0.95,1.24
1000165,3575,915,33,1,3,258.4321348,0.0580978,0.88,0.85
1000166,3067,625,25,0,5,120.4521237,0.02439642,1.11,1.02
1000167,3313,344,24,1,2,282.494056,0.0668842,0.81,1
1000168,631,28,13,0,0,265.7347125,0.05667318,0.68,0.84
1000169,1221,41,14,0,0,159.0446949,0.03304797,0.75,0.88
1000170,215,4980,3,0,0,29.856453,0.00289686,1.09,0.98
1000171,2527,47,3,0,1,183.9559523,0.03709773,0.89,1.04
1000172,3472,78,9,0,2,28.1520185,0.00610691,0.93,1.06
1000175,2695,103,5,0,1,53.654709,0.01067934,1,0.96
1000176,3836,287,4,0,0,111.144129,0.02633765,0.85,0.8
1000177,1976,533,13,0,1,255.5175839,0.05783459,0.91,0.93
1000178,1313,54,7,0,2,34.20494,0.00899924,0.93,0.89
1000179,2650,114,1,0,0,43.55454925,0.01199837,0.76,0.86
1000180,1582,52,8,0,0,276.3319062,0.07167891,0.94,0.91
1000181,577,96,10,0,1,307.733595,0.07803177,1.13,1.03
1000182,1358,574,5,0,1,88.1227475,0.02201899,1.04,1.06
1000184,1933,180,13,0,2,130.7665744,0.02573385,1.26,1.03
1000185,1982,84,9,0,0,230.2802551,0.05547628,0.97,1.02
1000188,4357,368,11,0,2,91.3345135,0.02287881,0.87,1.06
1000189,2461,404,14,0,1,216.0957958,0.05564956,0.91,0.95
1000190,1514,109,12,0,4,15.76804225,0.00327756,1.28,1.15
1000193,3589,560,20,0,3,42.4352987,0.00522012,1.04,0.93
1000194,2483,48,8,0,0,120.5955443,0.02877697,1.28,1
1000195,1387,179,2,0,0,23.42529469,0.00410552,1,1
1000196,740,408,14,0,1,86.620379,0.02226771,1.17,0.96
1000197,1542,122,12,0,1,32.5584665,0.00435557,0.91,0.82
1000198,2624,2436,6,0,1,86.86808183,0.02191099,0.8,0.95
1000199,1097,148,5,0,1,196.7359628,0.03845232,1.14,0.94
1000200,996,167,8,0,2,93.34829758,0.01942622,1.04,0.93
1000201,2082,314,10,0,0,84.22290312,0.01954536,1.02,0.92
1000202,2417,438,6,0,1,10.55526575,0.00235044,0.98,0.95
1000203,1916,461,6,0,2,2.085011,0.00035229,1.11,1.03
1000204,1653,170,7,0,2,108.084235,0.02422429,0.83,1
1000205,2278,274,9,0,1,13.62262775,0.00279255,1.34,1.33
1000206,3059,101,4,0,0,3.1761755,0.00074202,1.22,1.25
1000207,1014,45,6,0,2,179.7796347,0.04433862,0.98,0.98
1000208,1481,74,4,0,1,122.1151573,0.029457,0.92,1.13
1000210,2881,2512,16,0,3,195.0066694,0.0490315,0.99,1.03
1000214,2893,696,17,0,3,63.66252225,0.01440931,1.05,0.92
1000215,919,203,8,0,2,148.0417608,0.03056964,0.96,1.02
1000216,1851,90,10,0,2,18.4145835,0.00242922,1.2,0.95
1000217,2478,257,9,0,0,194.8017744,0.04275913,0.92,0.91
1000218,1719,113,6,0,0,22.2436355,0.00603454,1.25,1.08
1000219,2461,89,5,0,1,0.4641185,0.00015471,1.14,1.35
1000220,1281,138,19,0,2,482.5306838,0.1269504,1.1,1
1000221,405,127,16,1,1,197.0009676,0.05141746,1.12,1.15
1000222,2269,126,25,0,4,50.38943267,0.01078568,1.1,1.04
1000223,4164,134,14,0,3,8.81960375,0.00241441,0.73,0.9
1000224,5240,131,9,0,1,19.9771776,0.00553154,0.92,0.94
1000225,1397,75,4,0,1,2.54186125,0.00060295,0.7,0.99
1000226,4088,148,24,1,1,260.8727814,0.05550653,0.9,1.07
1000227,1845,57,6,0,1,8.151597,0.00230859,0.98,1.14
1000228,4956,328,13,0,2,1.6750945,2.86E-05,0.96,1.06
1000229,2956,202,15,0,1,75.30812162,0.01522741,1.06,0.88
1000230,4373,193,16,0,4,174.9976915,0.0370835,0.96,1
1000231,2681,145,19,0,3,284.4097621,0.06027087,1.15,0.98
1000232,3656,130,16,0,7,5.260171,0.00136323,0.87,0.93
1000233,1982,187,15,0,3,105.5026078,0.02434587,0.96,0.9
1000235,2426,432,10,0,1,67.92205075,0.01493756,1.08,1.1
1000236,2864,870,6,0,1,14.16352775,0.00272682,0.9,0.99
1000237,2620,443,44,0,6,21.0930755,0.00354364,1.01,0.96
1000238,3562,112,12,0,2,17.8173155,0.0045665,0.83,0.92
1000239,2338,107,16,0,1,68.6627125,0.01761599,0.96,0.91
1000242,2620,86,8,0,0,65.69004325,0.01739008,1.08,0.9
1000243,1351,454,13,0,2,234.4436664,0.05744596,0.94,0.91
1000244,3129,873,10,0,1,20.65353162,0.00551293,1.05,0.82
1000245,2864,109,14,0,1,88.40670138,0.0168824,0.87,0.98
1000247,2810,91,13,0,1,76.01125442,0.01671063,0.97,0.87
1000249,2473,150,9,0,2,282.4490536,0.06431109,0.91,1
1000252,3838,649,38,0,5,272.4376768,0.06260224,0.87,0.89
1000253,3085,183,10,0,1,26.154026,0.00623549,0.95,0.84
1000254,3123,122,31,0,2,538.8042285,0.12337022,1.15,1.03
1000255,2559,276,7,0,0,18.05438025,0.00334677,0.85,0.92
1000256,2956,122,6,0,1,268.1576805,0.05442512,0.94,0.9
1000257,2469,114,16,0,3,92.19699575,0.0197154,1.04,0.99
1000258,1872,108,21,0,5,172.978443,0.03467809,1.07,0.97
1000259,3317,304,16,0,8,88.100332,0.02402054,0.9,0.83
1000260,2546,207,16,0,1,50.87340712,0.01135485,0.92,0.8
1000263,1212,61,7,0,1,57.934278,0.01499547,1.14,1.14
1000264,2470,103,9,0,0,40.3650705,0.00822256,1.16,0.99
1000268,2855,572,10,0,0,83.260628,0.02023167,0.97,1.04
1000269,1077,209,13,0,2,618.9884135,0.16172455,0.81,1.07
1000270,2190,219,20,0,0,25.62556622,0.00672292,0.89,0.93
1000271,388,53,14,0,3,11.989524,0.00222973,1.09,1.13
1000272,261,62,14,0,2,223.1108433,0.05702243,1.15,1.31
1000273,2867,181,17,0,3,67.92106488,0.01626078,0.98,1.09
1000274,2458,1048,9,0,1,10.469761,0.0021652,1.13,0.96
1000275,225,134,1,0,1,4.88822775,0.00134225,1.19,0.91
1000276,2892,253,13,0,3,16.84234025,0.0043054,1.18,0.96
1000277,1288,267,4,0,1,270.2330467,0.07481088,0.78,0.81
1000278,2312,186,13,0,3,90.10522892,0.01981311,0.9,1
1000279,2014,38,1,0,0,15.770286,0.00400904,0.76,0.94
1000281,653,147,13,0,1,50.8805385,0.0127141,0.78,0.96
1000282,1720,143,7,0,3,271.7418099,0.04459191,0.87,1.03
1000284,2981,595,26,0,5,77.543074,0.01861727,0.85,0.99
1000285,1158,960,7,0,1,149.3232028,0.03903004,1.04,1.11
1000286,1672,101,11,0,4,245.2461371,0.06465349,1.16,1.04
1000287,3327,310,3,0,0,12.41803612,0.00247145,1.23,1.11
1000288,2909,841,25,0,6,209.0932209,0.0506631,0.95,0.98
1000289,277,90,10,0,5,92.13319525,0.01737692,0.94,1.24
1000290,180,127,11,0,3,112.3920788,0.02454832,0.77,0.83
1000291,608,150,6,0,0,383.3336017,0.09497458,0.85,0.97
1000292,321,1580,14,0,2,389.0954966,0.0963591,0.89,1.06
1000293,908,63,4,0,3,238.946444,0.0591962,0.83,0.96
1000295,1981,74,9,0,3,73.4920715,0.01693375,0.94,0.92
1000297,1852,214,12,0,4,86.31918212,0.01678215,1.22,1.13
1000298,3490,75,6,0,1,80.81522988,0.01276799,0.98,1.25
1000299,1830,1407,11,0,1,66.16991117,0.01381668,0.98,1.21
1000300,3402,140,12,0,2,350.011932,0.06962633,1.08,1.2
1000301,1890,18269,26,0,10,26.95172838,0.0057756,0.94,0.97
1000302,1661,550,14,0,2,41.14461362,0.00952604,0.95,1.07
1000304,2344,404,11,0,4,257.2433061,0.06651454,1.11,1.3
1000305,2612,3780,13,0,0,129.7943751,0.02907252,1.05,1.07
1000306,1293,917,17,0,2,200.5512358,0.0407715,0.69,0.85
1000308,2089,132,9,0,2,100.7172521,0.02394487,1.1,0.82
1000309,1353,267,19,0,4,132.9161083,0.03361858,0.98,1.04
1000310,1303,99,8,1,3,198.0502678,0.05026902,0.91,0.93
1000311,2222,43,8,1,1,21.10240825,0.00360505,1.09,1.23
1000312,3066,1112,13,0,2,8.93647125,0.002651,1.13,0.97
1000313,3401,395,6,0,1,43.976374,0.01240027,1.15,1.05
1000314,2144,71,11,0,2,119.7046971,0.03117505,0.97,0.95
1000315,2579,103,8,0,2,7.65782338,0.00091497,0.98,0.85
1000316,1353,70,8,0,1,31.8913405,0.00610639,0.71,0.94
1000318,2202,187,12,0,3,56.93881525,0.01220381,0.98,0.94
1000319,2691,185,8,0,2,42.147583,0.01009215,0.91,0.8
1000322,3361,112,16,0,3,87.41545942,0.01875814,0.89,0.96
1000323,1720,116,12,0,1,94.11709283,0.02280853,1.02,0.86
1000324,3421,311,16,0,0,56.28400575,0.0136586,0.88,0.85
1000325,245,6,2,0,1,33.27144775,0.00548794,0.86,1
1000326,2297,250,3,0,0,34.9886015,0.00591629,0.78,0.76
1000327,3868,70,3,0,0,8.12002212,0.00241851,0.9,0.8
1000328,1987,179,1,0,1,18.71257675,0.00502352,0.99,0.98
1000330,1326,7,10,0,2,145.1783894,0.03483374,0.71,0.76
1000331,4052,338,22,0,2,100.9159964,0.02497414,1.22,0.98
1000334,3099,209,3,0,1,7.12426275,0.00178214,0.88,1.02
1000335,2977,67,6,0,1,0.774354,0.00014155,0.86,0.87
1000336,2022,65,10,0,1,84.06616462,0.01733085,1.03,0.91
1000337,2198,442,32,0,2,303.902322,0.06003264,0.9,1.04
1000338,2941,284,10,0,0,50.61253675,0.01082822,1.07,1.07
1000339,3254,281,23,0,2,5.335657,0.00139054,1.04,0.81
1000340,1403,13,8,0,0,67.78353362,0.01509393,0.8,0.82
1000342,2031,238,16,0,6,1065.559543,0.22422228,0.9,0.74
1000343,1804,44,4,0,1,15.3770045,0.00218527,0.93,0.89
1000345,2597,242,4,0,2,22.41182912,0.00428894,0.97,1.05
1000346,2925,439,37,0,10,211.6927697,0.04877071,0.99,0.92
1000348,3146,91,3,0,0,16.6106215,0.00468978,0.83,0.92
1000349,1822,56,15,0,3,27.87997225,0.0054082,0.94,0.88
1000350,1459,108,5,0,0,49.301611,0.01350828,0.75,0.76
1000351,1768,36,6,0,0,23.854839,0.00706824,0.9,0.82
1000352,1852,136,30,0,3,274.2829311,0.06111144,1.05,0.94
1000353,1837,43,5,0,0,125.646641,0.02834859,0.82,0.82
1000354,2327,177,5,0,2,8.66900075,0.00184222,0.91,0.88
1000355,1621,36,2,0,1,23.81007175,0.00025516,0.82,0.88
1000356,3371,74,8,0,1,95.91034725,0.01980318,0.9,0.89
1000357,3777,597,3,0,1,15.68619925,0.00350486,0.87,0.87
1000358,2902,518,18,0,3,39.69214675,0.00707779,0.92,0.93
1000359,2467,276,6,0,2,71.25148,0.01091543,0.8,0.91
1000360,4741,380,46,1,5,859.1069342,0.20897283,0.86,0.93
1000361,1742,73,6,0,4,33.0862715,0.0071441,1.05,0.94
1000362,3476,161,8,0,2,20.1175425,0.00460885,0.83,0.84
1000363,702,342,7,0,4,48.17653775,0.00929301,0.88,0.88
1000364,1340,93,10,0,5,7.87955738,0.00127034,0.92,1
1000365,2972,244,18,0,10,83.6218665,0.02113088,0.98,0.94
1000366,1936,93,9,0,1,107.9680427,0.0205919,1.06,1.01
1000368,1648,135,5,0,2,266.5953365,0.03545322,0.91,1.03
1000369,1904,67,5,0,2,26.00345167,0.00517697,0.99,0.92
1000370,3770,687,4,0,1,41.36481125,0.0079377,0.81,0.94
1000371,3897,124,5,0,0,12.50478062,0.00319558,0.91,0.86
1000372,2038,167,15,0,4,4.157403,0.00074088,1.04,0.91
1000373,953,50,8,0,2,103.4486621,0.02370238,0.83,0.91
1000374,3438,267,13,0,5,51.7736,0.01072557,1.16,0.96
1000375,2934,206,18,0,8,79.12934475,0.01560602,1.01,0.95
1000376,2239,125,9,0,2,100.376266,0.01904118,0.94,1.05
1000377,2204,285,9,0,0,86.47745817,0.02037453,0.78,0.82
1000378,1511,129,7,0,0,73.37743975,0.01367374,0.98,0.96
1000379,3777,1230,17,0,5,57.32796725,0.01119125,1.07,0.94
1000380,2816,429,27,0,8,312.1602234,0.08096458,0.81,1.02
1000381,2486,302,5,0,2,76.66371825,0.01438676,0.79,0.99
1000382,3498,144,13,0,0,32.17986473,0.00693867,0.86,0.88
1000383,1188,334,11,0,0,16.03523978,0.00404035,0.84,0.81
1000384,2421,151,11,0,2,6.188489,0.00125653,0.94,0.81
1000385,2011,605,19,0,7,501.2538133,0.12241332,0.97,1.04
1000386,1832,172,31,0,2,498.506367,0.10613265,0.83,0.85
1000387,2311,180,18,0,4,78.45000325,0.0207999,0.81,0.87
1000388,3728,232,7,0,1,23.18356875,0.00580033,1.06,1.06
1000389,3479,329,21,0,5,12.136131,0.00305034,0.91,0.93
1000390,2889,66,6,0,2,34.2971085,0.00908543,0.96,0.91
1000391,3639,255,10,0,2,16.722604,0.00416513,0.81,0.78
1000392,3033,171,14,0,7,91.72644725,0.02240425,1.2,1.1
1000393,2106,398,10,0,4,97.79561362,0.02156374,0.82,0.89
1000394,4966,192,12,0,2,201.70154,0.04649057,1.04,0.97
1000395,3921,153,6,0,0,57.89540875,0.00810443,1,1.04
1000396,1795,160,8,0,1,215.9003005,0.04284437,0.84,1.04
1000397,153,128,10,0,2,0,0,1.54,1.27
1000398,5549,159,12,0,1,33.1465485,0.01014159,0.86,1.03
1000399,4032,640,10,0,4,53.54007275,0.01139129,0.93,1.01
1000400,3942,218,2,0,0,17.539629,0.00347346,0.79,0.87
1000401,4504,121,17,0,4,44.39812,0.00881385,0.99,1
1000402,2351,540,26,0,3,59.4481385,0.01334473,0.85,1.01
1000403,4247,684,13,0,1,60.61217,0.01323053,0.79,0.9
1000404,2881,339,15,0,2,188.1082147,0.04879743,0.79,0.96
1000405,3570,226,14,0,3,154.8470487,0.03952613,0.93,0.93
1000406,1200,100,7,0,1,85.98797481,0.02186221,0.87,0.84
1000407,2030,109,4,0,0,44.25068225,0.01009869,1.03,1.08
1000408,3050,1310,15,0,7,66.04850658,0.01195067,1.06,1.1
1000409,3593,119,12,0,4,109.2496531,0.02366407,0.81,0.91
1000411,2541,647,11,0,4,166.9251371,0.03394237,0.79,0.95
1000412,2913,246,18,0,1,81.22705914,0.01507009,1.25,1.06
1000413,3231,655,16,0,3,43.632348,0.01046798,1.08,0.93
1000414,273,9,12,0,1,52.1397004,0.00905686,1.34,1.24
1000415,2283,242,11,0,2,145.7565975,0.03726819,0.9,0.94
1000416,3444,275,3,0,1,25.19964617,0.00629142,0.94,0.92
1000417,1470,67,9,0,2,63.05958625,0.00280588,1.04,0.87
1000418,1945,156,14,0,1,104.0465876,0.02479525,1.03,0.98
1000419,2518,99,6,0,0,31.49264562,0.0072729,0.98,0.97
1000420,1839,130,20,0,5,7.25859375,0.0014335,0.96,0.98
1000421,2784,231,11,0,2,29.0476675,0.00718727,1.09,1.09
1000422,1928,79,13,0,3,8.76073625,0.00199414,1.32,1.06
1000423,2420,398,7,0,3,15.088372,0.00300179,1.04,0.93
1000424,2104,161,11,1,3,3.036325,0.00057435,0.97,1.1
1000426,2769,508,13,0,0,35.94575525,0.00771129,1.22,0.89
1000427,2673,606,4,0,0,2.52658275,0.00062277,0.96,0.97
1000428,762,334,11,0,3,12.20888762,0.00262805,1.41,1.24
1000429,5860,392,6,0,0,35.218446,0.00737771,0.93,1.1
1000430,4076,310,12,0,0,36.87844244,0.00933575,0.91,0.83
1000432,4473,172,8,0,2,25.66839725,0.00160847,1,0.77
1000433,1882,255,15,0,3,177.26363,0.03393387,1.06,1
1000435,2694,168,16,0,2,326.2919501,0.0665548,1.04,1.12
1000436,4018,679,14,0,5,25.891117,0.00446404,0.91,1.04
1000437,2366,107,15,0,1,44.670628,0.01162324,0.71,0.9
1000438,10594,74,22,0,1,150.8946113,0.02841655,1,1.06
1000439,3433,350,9,0,1,1.1412615,0.00028759,1.36,1.06
1000440,1085,109,19,0,4,111.259531,0.02195653,1.27,1.3
1000441,1496,186,17,0,4,95.01052858,0.02112434,1.11,1.09
1000442,2472,164,27,0,5,97.3719565,0.01962358,1.02,1.07
1000444,772,52,12,0,1,78.84815775,0.01457046,1.76,1.55
1000445,3443,3448,17,0,2,51.72114638,0.01318293,0.87,1.09
1000446,3770,621,18,0,3,56.94630367,0.0145424,0.96,0.95
1000447,3776,1463,19,0,3,348.2132026,0.08560433,0.89,0.87
1000448,3547,336,8,0,1,25.19888786,0.00406956,1.01,1.2
1000449,5116,902,28,0,5,116.0503018,0.02581365,1.02,1.06
1000450,3080,326,6,0,1,18.23049867,0.00508631,1.01,1.19
1000451,530,2044,22,1,6,317.3580585,0.0691815,1.08,1.09
1000452,678,3185,22,0,4,302.6922537,0.06626533,1,1.2
1000454,1564,611,30,0,3,62.58060838,0.01404062,1.09,1.1
1000455,1553,67,18,0,0,66.81772462,0.01575811,1.21,0.96
1000456,1222,79,3,0,0,86.45270875,0.02176184,0.96,1.38
1000457,3282,565,8,0,4,15.931163,0.00345911,0.98,1.23
1000458,1484,295,6,0,1,306.3939805,0.07127583,1.03,1.06
1000459,2402,372,11,0,2,26.46121025,0.0070343,1.06,1.09
1000460,1041,50,11,0,2,11.07586075,0.00325815,1.18,1.05
1000462,1025,56,14,0,1,226.0210343,0.05105281,0.83,1.11
1000463,739,91,7,0,1,5.46611325,0.00105811,1.25,1.22
1000465,1037,441,2,0,1,488.9506151,0.14053737,0.68,0.96
1000466,1388,405,10,0,5,88.66685992,0.02354577,0.86,0.92
1000467,1306,1207,17,0,6,39.80075883,0.00863447,0.91,0.92
1000468,926,1378,16,0,1,471.8359818,0.13196852,0.8,0.97
1000469,1924,1172,27,0,1,579.2524984,0.1527536,0.72,0.87
1000470,780,464,14,0,0,911.9334496,0.27272551,0.35,0.72
1000471,638,78,9,0,0,430.6284178,0.07820848,0.87,0.91
1000472,1838,483,17,0,1,111.2916271,0.02217424,1.04,1.12
1000473,650,674,2,0,2,210.611917,0.04083289,0.94,1
1000474,1993,1190,10,0,3,35.4697695,0.00787959,1.12,1.12
1000475,1523,144,8,0,1,252.7317078,0.05183405,0.88,0.86
1000476,3342,282,10,0,1,92.5670255,0.02696388,0.66,0.85
1000477,2429,806,7,0,1,951.9418018,0.15607082,0.66,0.98
1000478,1709,91,8,0,2,16.047551,0.00430924,0.87,1.11
1000479,4104,619,16,0,6,95.7082645,0.02183158,0.97,0.98
1000480,5377,1908,14,1,6,246.9968407,0.05107979,0.92,0.94
1000481,2836,1114,17,0,3,171.7516429,0.03517795,0.93,1.02
1000482,2381,554,9,0,0,87.87539957,0.02060525,1.02,0.94
1000483,922,243,7,0,1,280.8637754,0.08204742,0.51,0.56
1000484,2715,855,7,0,2,107.7045313,0.03323734,0.92,0.93
1000485,806,338,2,0,2,443.9922743,0.12519436,0.6,0.94
1000487,2030,1467,8,0,2,201.0954496,0.04752886,0.94,1.06
1000488,1529,197,19,0,4,259.8029223,0.06339058,0.79,0.9
1000489,106,59,3,0,0,0,0,1.16,1.85
1000491,596,2761,7,0,0,575.1335731,0.1574285,0.81,0.97
1000492,2026,544,7,0,0,424.3904773,0.11486145,0.69,0.93
1000493,972,676,15,0,2,430.9617516,0.11699969,0.77,0.8
1000494,377,989,19,0,3,319.4677988,0.09283876,0.57,0.81
1000495,630,78,7,0,1,363.5976245,0.1037686,0.59,0.74
1000496,1330,257,6,0,1,175.3549919,0.0497557,0.68,0.94
1000497,1509,1102,15,0,6,698.8055195,0.2022182,0.69,0.79
1000498,1726,421,17,0,1,150.1658581,0.04003517,0.84,0.94
1000499,1839,1538,28,1,4,87.46985662,0.02215603,0.85,0.9
1000500,1180,284,22,0,3,311.9721549,0.08697718,0.78,0.87
1000501,2299,309,13,0,9,123.8705784,0.03508991,0.85,0.92
1000502,3080,461,9,0,2,161.7748779,0.03921275,0.83,1.09
1000503,1465,759,10,0,2,20.77542488,0.00610233,0.86,0.85
1000504,1324,939,17,0,5,200.8979384,0.0476623,0.87,0.93
1000505,3691,431,10,0,0,298.5459404,0.0328949,0.86,0.99
1000506,2108,243,12,0,3,63.8069065,0.01667697,1.14,1.13
1000508,3275,543,6,0,1,236.7498308,0.05348786,0.98,0.87
1000509,3585,610,9,0,1,104.195423,0.02296491,1.1,0.88
1000510,3808,313,13,0,1,26.73599475,0.00477546,0.97,0.85
1000511,3585,211,11,0,2,7.20112125,0.00147012,1.15,0.91
1000512,3595,179,9,0,1,7.082439,0.00135629,0.97,1.04
1000513,2332,122,14,0,1,338.454111,0.07599644,1.15,0.93
1000514,2036,282,2,0,1,51.7689765,0.0135182,0.9,0.98
1000515,4586,165,11,0,2,67.5002815,0.01770864,1.01,0.98
1000517,1832,328,8,0,0,68.1025295,0.01430507,0.73,1.02
1000518,1633,797,10,0,0,198.3169217,0.03861099,0.86,0.98
1000519,2214,335,23,0,2,201.2318356,0.04656332,0.88,0.91
1000520,930,184,12,0,3,102.9367703,0.02127888,0.9,0.94
1000521,2283,351,16,0,2,295.5516905,0.06517,0.91,0.86
1000522,3362,768,7,0,3,235.949601,0.045866,0.9,0.89
1000523,2747,190,12,0,2,32.83822558,0.00707485,0.94,0.88
1000524,1117,346,4,0,2,2.257246,0.00051438,1.08,1.05
1000525,2353,157,7,0,0,17.41473075,0.00484271,0.92,0.83
1000526,2850,131,13,0,0,57.35879312,0.01267776,0.93,1.03
1000528,2052,171,7,0,0,7.9988025,0.00170133,0.81,0.95
1000529,3700,75,5,0,2,10.936415,0.00243103,0.95,0.81
1000530,1314,317,6,0,2,9.29620312,0.00181208,1,0.81
1000531,1991,386,3,0,0,246.4430485,0.04943335,0.94,0.97
1000532,2173,645,8,0,3,56.19475033,0.00897698,0.85,0.94
1000533,2387,582,22,0,1,141.7123077,0.02869629,0.99,0.92
1000534,5660,357,16,0,2,394.3537998,0.08903238,0.94,1
1000535,1902,47,10,0,1,36.199354,0.00944235,1.07,1.28
1000536,4420,401,6,0,1,17.354651,0.00346294,0.94,0.9
1000537,3541,220,3,0,1,46.14206262,0.01286989,0.89,0.92
1000539,3962,120,20,0,1,15.47918025,0.00347148,0.97,0.94
1000540,787,109,14,0,2,256.9057008,0.06213236,0.99,0.95
1000541,3292,472,10,0,1,105.7862066,0.02004569,1.02,0.86
1000542,1773,97,5,0,1,38.4622975,0.00934929,1.24,1.06
1000543,1096,145,11,0,3,99.39961758,0.02221311,1.02,0.85
1000544,924,133,11,0,1,40.18350075,0.00926313,1.03,0.92
1000545,2127,1386,20,0,2,30.13727075,0.00708351,1.28,1
1000547,4164,283,9,0,1,146.1514665,0.03556568,1.01,0.99
1000549,3147,245,16,0,1,71.85328758,0.01630741,1.06,0.8
1000550,3198,351,11,0,2,18.30412375,0.00441211,1.02,0.97
1000551,1528,421,11,0,3,143.9654176,0.03096878,0.97,1.05
1000552,3121,168,9,0,0,17.26365225,0.00432393,1,0.9
1000553,2935,270,4,0,0,17.53550625,0.00489544,0.9,0.91
1000554,5480,261,12,0,2,21.04570442,0.00530387,0.98,0.83
1000556,6738,676,20,0,5,59.82307612,0.01505586,0.83,0.89
1000557,3085,384,9,0,4,34.51931775,0.00927333,0.92,0.88
1000558,3931,280,2,0,0,15.75858012,0.00409815,0.9,0.94
1000559,890,101,13,0,4,248.4976479,0.05423608,0.78,0.92
1000560,2631,243,4,0,0,28.97793425,0.00570382,0.79,0.84
1000561,4280,327,20,0,3,87.73429125,0.02201956,0.84,0.9
1000562,3812,207,6,0,2,9.739826,0.00246837,0.77,0.97
1000563,2211,182,36,0,2,61.62419642,0.01729348,0.92,0.94
1000564,3141,360,12,0,0,61.15098,0.01243913,0.83,0.92
1000566,3327,214,17,0,8,267.0116062,0.05972136,0.92,0.86
1000567,3812,857,24,0,2,50.12614325,0.01245002,1.19,0.98
1000569,2931,245,8,0,0,66.58784258,0.01433461,0.85,0.89
1000570,3027,120,5,0,2,51.61574225,0.01479762,0.81,0.94
1000571,4040,333,12,0,9,12.73183625,0.00345875,0.78,0.9
1000573,1964,221,12,0,2,139.4120248,0.03376338,0.91,0.9
1000574,387,92,7,0,2,127.5091405,0.02642758,0.84,0.94
1000575,1090,514,5,0,2,172.9776444,0.02943514,0.96,0.91
1000576,1934,900,4,0,0,91.118467,0.00554437,0.87,1.01
1000577,2178,654,13,0,1,134.118434,0.03647108,0.91,1.01
1000578,3138,1037,11,0,1,72.37475,0.01572462,1.03,1.02
1000579,2021,547,2,0,0,226.7294949,0.06177192,0.82,0.98
1000580,3110,276,26,1,3,101.3510052,0.0250572,0.98,0.86
1000582,4197,189,13,0,0,61.66898525,0.01707738,1,0.95
1000583,3913,307,8,0,2,26.3421015,0.00666406,0.94,0.8
1000585,3293,313,12,0,2,148.9220883,0.03249783,1,0.83
1000586,2027,239,2,0,1,70.84757375,0.01746423,1.01,1.02
1000587,2892,432,4,0,0,93.28482983,0.0208384,0.88,0.84
1000589,2431,390,10,0,2,265.2585068,0.04958048,0.98,1.02
1000590,2307,653,6,0,3,21.2141435,0.00428895,0.96,0.97
1000591,4339,257,19,0,2,20.95952245,0.00471554,0.91,0.9
1000592,2942,207,20,0,2,44.16729483,0.01034461,1.06,0.94
1000593,3749,186,5,0,0,18.077355,0.00445631,0.86,0.91
1000594,2019,479,18,0,6,120.2473124,0.0279829,0.88,0.9
1000595,1428,342,10,0,3,82.7767446,0.02040295,1.16,1.05
1000596,6534,1203,19,0,4,144.0677538,0.03279609,0.92,1.07
1000597,2819,468,18,0,3,794.454788,0.18820786,1.04,1.09
1000598,5398,486,16,0,5,20.140969,0.00472528,0.78,0.98
1000599,2765,135,42,0,2,45.936577,0.0113812,1.04,0.97
1000600,2869,439,34,0,4,160.2136005,0.03407395,1.08,0.99
1000601,4721,116,10,0,3,26.25936825,0.00747315,1.1,1.15
1000603,3444,368,12,0,0,60.90159336,0.01583815,0.89,0.89
1000605,2722,618,14,0,2,15.40932225,0.00369721,0.9,0.97
1000606,3160,625,17,0,3,42.797239,0.01037648,0.91,0.87
1000607,2627,316,4,0,1,335.0351753,0.07754381,0.78,1.03
1000608,4380,1128,14,0,5,202.3786505,0.04884953,0.89,0.97
1000609,5207,181,7,0,0,21.21647275,0.00065624,0.94,1.06
1000611,3298,2362,21,0,5,79.1747025,0.02028405,1.12,1.13
1000612,2085,187,7,0,2,12.8564895,0.00287885,1.24,0.87
1000613,3681,3082,16,0,6,184.5957863,0.04217316,0.98,1.06
1000614,2514,826,21,1,3,193.860635,0.0417308,1.07,1.08
1000615,2632,186,19,0,3,91.50985088,0.02439465,0.97,1.02
1000616,2891,273,19,0,6,208.2907456,0.04966873,1.08,0.89
1000617,3510,259,11,0,3,13.8977346,0.00367912,1.04,1.06
1000618,1879,130,11,0,5,64.29464725,0.01587396,0.95,0.86
1000619,2913,364,14,0,4,43.71547225,0.00941563,1,0.87
1000620,2043,657,20,0,5,201.3467518,0.04945524,0.92,0.98
1000621,2553,369,14,0,5,175.7842508,0.03210833,1.08,0.98
1000622,2504,309,10,0,5,14.848859,0.00233512,0.92,1.04
1000623,4245,169,10,0,1,4.47568312,0.00129627,0.92,1.02
1000625,2124,1158,12,0,1,95.640363,0.02694971,1.04,1.11
1000626,969,88,9,0,1,7.029176,0.00094622,0.98,0.87
1000628,1799,625,6,0,0,18.637074,0.0044194,1,0.89
1000630,1872,131,6,0,0,5.3740785,0.00111103,1.09,0.81
1000632,5843,298,30,1,4,27.91178862,0.0063419,1.15,0.89
1000633,814,666,7,0,2,195.3128946,0.03943269,1.14,0.95
1000634,3200,470,19,0,4,46.22497225,0.0118203,1.08,0.97
1000636,895,403,2,0,2,1.1401805,0.00015935,1.08,1.05
1000637,613,86,22,0,2,313.2279758,0.08297492,1.08,1.07
1000639,1196,101,19,0,0,202.8165582,0.04981509,1.01,0.99
1000640,2024,186,8,0,1,19.39598562,0.00446681,1.05,0.88
1000641,1295,160,15,0,2,38.946914,0.00879867,1.07,1.01
1000642,1163,26,3,0,1,24.04326483,0.00474815,0.9,1.04
1000643,4487,2221,12,0,0,157.9015197,0.0352986,0.67,0.91
1000644,1418,815,36,0,9,762.5219236,0.18358809,0.89,0.96
1000645,2551,281,11,0,5,52.5354985,0.01390694,0.78,0.9
1000646,1467,156,9,0,4,50.13283262,0.01092943,1,1.05
1000648,2602,933,5,0,1,37.96392517,0.00885315,0.8,0.93
1000650,1973,442,18,0,3,104.2923305,0.02155849,0.98,0.94
1000652,1517,171,14,0,7,19.53256738,0.00476771,0.8,0.96
1000653,1177,960,24,0,3,90.36765983,0.01902453,0.99,0.94
1000654,1073,999,7,0,5,35.4177355,0.00874172,1.1,1.04
1000655,3212,499,13,0,8,34.83054362,0.00768248,1.06,0.97
1000657,1876,227,2,0,0,37.8720645,0.00838277,0.99,1.14
1000658,4167,132,6,0,0,13.32342525,0.0024743,0.99,0.98
1000659,2336,96,12,0,4,0.31044025,8.45E-05,0.97,0.86
1000660,1880,1619,27,0,3,46.788526,0.00942776,1.15,0.96
1000661,2558,219,21,0,1,29.55259638,0.00572831,0.94,0.86
1000662,2343,27,14,0,2,13.28639675,0.00294571,0.91,0.88
1000663,2172,186,8,0,1,54.37194875,0.0152384,1.1,1.02
1000664,2548,74,11,0,1,76.77114688,0.01716745,0.96,1.09
1000666,644,68,8,0,1,20.0528165,0.00175078,0.91,0.93
1000668,1319,1498,11,0,5,11.64955825,0.00264142,1.17,1.15
1000669,1621,4567,14,0,4,9.48724,0.00233242,1.03,1.01
1000670,1041,301,3,0,1,55.231553,0.01058727,0.96,1.09
1000671,3277,192,13,0,1,77.78463162,0.01663382,0.84,0.9
1000672,548,341,17,0,4,20.89387675,0.00420656,1.02,0.89
1000673,2265,214,23,0,4,89.58663725,0.01818478,1.02,0.91
1000674,4743,421,17,0,5,67.56834544,0.01458863,1.06,0.87
1000675,1976,92,10,0,3,93.31896962,0.02061125,1.01,0.91
1000676,3439,259,12,0,3,26.75519438,0.00448193,1.23,1.25
1000677,1934,288,9,0,2,18.98447675,0.00257252,1.15,1.13
1000679,1585,1016,13,0,3,301.0208203,0.04055464,0.95,0.94
1000680,2569,549,16,0,0,12.23895075,0.00232669,1.08,1.01
1000682,3623,446,20,0,2,68.15554775,0.01281296,1,0.96
1000683,1829,47,5,0,1,0,0,0.98,0.96
1000684,215,741,16,0,4,210.5030795,0.06485973,0.82,1.09
1000685,132,1007,3,0,3,19.405529,0.00476102,1.04,1.43
1000686,138,282,3,0,2,52.10183025,0.007701,0.98,0.96
1000687,3178,3275,19,0,2,187.4124923,0.04806237,1.35,1.16
1000688,996,1481,10,0,0,239.789801,0.04770744,0.92,1.06
1000689,1307,2439,13,0,2,295.4978792,0.06485849,0.88,0.94
1000690,1783,676,17,0,3,53.10727412,0.01231476,0.88,1
1000691,2227,698,24,1,2,125.4310769,0.02682327,1,0.98
1000693,1716,964,33,1,5,200.103369,0.0493523,0.78,0.81
1000694,2299,454,8,0,2,3.0602945,0.00063089,1.15,0.87
1000695,2717,201,8,0,2,36.704369,0.00888511,1.11,0.93
1000696,2219,411,11,0,6,0,0,1.21,1.01
1000697,1015,49,7,0,2,3.93822525,0.00093244,1.12,0.76
1000698,2883,234,16,0,3,876.243334,0.18365667,1.26,1.01
1000699,2145,30,3,0,2,4.66666667,0.00123809,0.85,1.02
1000700,306,334,7,0,1,8.73807075,0.00205003,1.14,1.21
1000702,2521,236,3,0,1,24.126537,0.00630436,0.91,0.81
1000703,3487,437,11,0,3,239.3188209,0.05555731,0.94,1.01
1000704,1623,108,12,0,4,145.786276,0.03402144,1.09,0.98
1000705,1029,124,25,0,8,293.9173013,0.06653079,1.21,1.04
1000706,1703,227,3,0,0,18.32040875,0.00507367,1.12,1.02
1000707,1300,172,12,1,2,27.496695,0.00640008,0.72,0.88
1000708,1449,1036,22,0,1,18.02151525,0.00333053,0.92,0.9
1000709,64,13,7,0,3,660.2657685,0.07433011,1.45,1.08
1000710,2571,416,25,0,2,205.3381677,0.0486638,1.13,0.99
1000711,1288,114,10,0,1,52.02356867,0.00913683,1.18,0.98
1000712,3393,1697,12,0,2,370.3365184,0.08065061,0.92,0.98
1000713,1059,208,4,0,1,21.39699175,0.0045431,0.95,1.1
1000718,2914,260,12,0,2,0,0,1.06,0.87
1000719,3245,748,17,0,2,334.1545198,0.06590098,0.96,0.91
1000720,1518,555,6,0,2,67.04689788,0.01633952,0.79,0.93
1000722,1624,197,15,0,0,6.37461175,0.00175728,1.12,1.1
1000723,361,193,11,0,3,24.68914112,0.00579279,1.15,0.93
1000724,3453,859,12,0,6,86.02561225,0.0202867,1,1.09
1000726,1759,493,9,0,1,139.4520755,0.03406226,0.99,1
1000727,2065,301,10,0,1,7.8780805,0.00131149,1.3,0.96
1000728,1468,340,23,0,3,116.2418215,0.02789357,1.06,1
1000729,1568,118,3,0,0,92.555239,0.02466645,1.01,1.21
1000730,2290,96,11,0,0,14.32345975,0.00400422,1.02,0.99
1000731,2777,1933,23,0,4,132.7644592,0.03053781,1.15,1.01
1000732,2520,3221,14,0,1,167.8060446,0.0403868,0.86,1.07
1000733,3299,85,21,0,1,226.3989445,0.06214239,1.11,0.94
1000734,1401,55,5,0,2,14.35257075,0.00429335,0.96,0.86
1000735,3960,138,20,0,9,8.702855,0.00234216,1.01,1.03
1000738,3546,281,21,1,3,150.160925,0.03867551,0.9,0.92
1000739,2420,806,18,0,5,262.4287433,0.06270068,1,0.89
1000740,807,224,14,0,1,230.7872609,0.04847358,1.08,1
1000741,2616,170,14,0,1,61.974385,0.01213179,1.02,0.98
1000742,2400,190,11,0,0,36.46288475,0.01064291,0.98,1.07
1000743,3347,182,24,0,1,51.71345519,0.01329286,0.85,0.96
1000744,1901,409,28,0,3,137.5629159,0.02805834,1.24,0.91
1000745,1011,47,36,0,2,153.9815786,0.04090166,0.86,1
1000746,3669,824,38,0,4,48.37028675,0.0110831,0.92,1.15
1000747,2221,237,10,0,1,83.6341005,0.02250488,0.89,0.88
1000748,3448,116,12,0,0,16.07469538,0.00367969,1.01,1.03
1000749,2707,103,1,0,0,8.299437,0.00221992,1.04,1.06
1000753,2291,128,11,0,1,91.83009725,0.02500634,1.15,0.95
1000754,2640,324,8,0,6,22.77533875,0.00586903,0.96,0.94
1000755,1012,514,10,0,2,86.68184575,0.02049865,0.87,0.84
1000756,2576,131,13,0,4,104.9987975,0.02793377,1.07,0.96
1000757,3910,320,26,0,5,84.896325,0.02103972,1.01,0.96
1000758,1336,128,12,0,1,72.378605,0.01825881,1.21,1.11
1000759,3971,601,8,0,0,94.22912288,0.02422216,0.97,0.95
1000760,2291,187,15,0,2,297.2975544,0.07029398,0.83,1.05
1000761,2943,332,29,1,4,465.6134699,0.10405202,0.81,1.03
1000763,342,21,2,0,0,12.90849175,0.00309893,0.89,1.26
1000764,347,42,26,0,4,31.61053278,0.00662684,1.07,1.12
1000765,586,83,9,0,1,27.00247112,0.00627041,1.3,1.12
1000766,1153,87,26,0,2,24.86374975,0.00524877,1.06,0.98
1000768,3762,191,19,0,2,204.0675174,0.04947332,1.11,0.99
1000769,1936,92,13,0,5,35.69591962,0.00912047,0.85,1
1000771,2485,188,6,0,0,72.9510455,0.01742265,0.85,0.85
1000772,3256,346,20,0,4,31.69793475,0.00749985,0.99,0.91
1000773,2862,16249,12,0,2,118.4995,0.03106911,1.08,0.98
1000774,2947,1238,12,0,2,132.9239138,0.03040803,0.86,1.19
1000775,350,223,27,1,5,103.4612858,0.02039425,1.5,1.24
1000777,2300,260,10,0,1,41.493169,0.0104147,1,1.15
1000778,2511,77,11,0,1,706.0002193,0.12290689,0.92,1.19
1000779,1982,110,6,0,2,166.1657879,0.04222567,0.81,0.93
1000780,4485,1482,8,0,1,61.36179617,0.01035463,0.79,1.04
1000781,1339,109,8,0,1,471.8017433,0.13496835,0.82,1
1000782,3044,122,17,0,0,35.54783425,0.00789096,1.06,1.02
1000783,2734,140,20,0,3,144.4062811,0.02889419,0.82,0.88
1000785,4179,194,12,0,2,51.40204212,0.01330181,0.89,1.06
1000786,8573,228,18,0,7,4.9293965,0.00128646,1.09,0.91
1000788,5165,431,6,0,0,58.65785467,0.01628283,0.83,1.06
1000790,3180,120,9,0,0,119.341165,0.02189503,1.16,1.05
1000791,2451,47,16,0,1,50.38773262,0.01142926,1.13,1.14
1000792,1833,2179,8,0,2,76.98911225,0.02250811,0.88,0.81
1000793,2314,217,10,0,4,82.36920225,0.01767041,1,0.94
1000795,3541,418,19,0,1,81.29431675,0.0209178,1.06,0.98
1000796,3379,788,22,0,5,232.1698829,0.04655727,0.99,0.91
1000797,3714,347,16,0,2,13.21932462,0.00245606,0.95,0.92
1000799,1765,126,8,0,2,87.35807258,0.0256214,0.62,0.94
1000800,1575,404,23,0,4,59.7439395,0.01598359,1.02,0.96
1000801,2815,568,14,0,2,140.1944684,0.03215989,1.13,1.11
1000802,1627,372,16,0,0,102.1514142,0.02078145,1.11,1.11
1000803,1921,117,3,0,0,29.31949012,0.00705482,0.93,0.92
1000804,1759,227,13,0,0,57.41181538,0.01509897,0.95,1.07
1000806,1780,80,16,0,4,130.2449001,0.03740188,0.79,0.87
1000807,4604,309,9,0,3,29.59290025,0.00630045,1.1,1.04
1000809,1374,16,11,0,2,136.5483367,0.02916669,1.01,0.94
1000812,4033,211,7,0,3,87.49552733,0.01661218,0.86,0.93
1000813,3996,116,23,0,3,76.2858245,0.02069392,0.88,1.09
1000814,3100,251,13,0,0,41.16028075,0.01153122,0.87,1
1000815,4331,669,14,0,0,110.3380805,0.03292699,0.9,0.99
1000816,4554,284,6,0,1,33.2486827,0.009354,0.83,0.98
1000817,2951,442,22,0,1,90.83405162,0.01964105,1.14,1.05
1000818,3866,147,10,0,2,24.84664025,0.00581775,0.97,1.06
1000820,1672,113,26,0,3,100.1102003,0.02450342,0.83,0.83
1000821,2021,228,6,0,0,87.61008,0.02404091,0.91,0.91
1000823,2726,180,19,0,2,153.5500073,0.03484701,0.84,0.95
1000825,1382,44,7,0,2,89.60363125,0.02240719,0.87,0.88
1000826,2890,115,14,0,6,8.71286875,0.00219634,1.09,1.06
1000827,835,326,26,1,3,166.993691,0.04200646,0.96,0.87
1000828,1840,201,8,0,0,28.876236,0.0030034,0.76,0.85
1000829,1693,397,13,0,4,150.1447329,0.0341205,1.09,0.93
1000830,1941,179,9,0,2,78.60794188,0.02045258,1.13,0.94
1000831,4273,921,16,0,4,15.166996,0.00303456,1.13,0.91
1000833,1957,222,11,0,1,3.92327825,0.00074734,0.96,0.91
1000834,3495,404,21,0,2,364.1265452,0.10310702,1.02,0.93
1000835,4051,167,13,0,2,47.16219125,0.01295594,0.93,1.09
1000836,3282,250,12,0,1,34.8919135,0.01046399,0.91,0.95
1000837,4856,557,13,0,2,390.3544973,0.11732162,0.9,0.9
1000838,2909,186,20,0,1,129.9078541,0.03567012,0.97,1.05
1000839,2774,1218,47,0,3,643.6998636,0.16779528,0.88,0.89
1000844,1038,2897,3,0,0,371.3813396,0.07857428,1.07,1
1000845,2627,1734,7,0,0,200.4299665,0.0398615,1,0.89
1000846,3544,1850,8,0,0,360.6828677,0.06689398,0.95,0.98
1000847,1948,5479,32,0,4,329.2451001,0.06823845,0.98,0.92
1000848,1689,2386,10,0,4,238.0018034,0.04666477,1.23,1.12
1000849,2415,1477,17,0,4,390.8512414,0.08810627,1.15,0.96
1000850,1518,1451,7,0,0,135.043705,0.03113969,1.02,0.88
1000851,3092,1227,11,0,2,324.3040278,0.07317067,1.08,0.99
1000852,1740,2808,9,0,3,427.3015478,0.06975284,1.04,1.01
1000853,1352,1237,9,0,2,64.88561862,0.01459441,1.24,0.94
1000854,3354,2565,11,0,2,50.51729462,0.0103047,1.06,1.07
1000855,1713,1227,16,0,1,897.0088471,0.1666453,0.84,0.89
1000856,3259,2158,15,0,2,99.33178275,0.02583819,1.17,1.04
1000857,1980,1276,2,0,1,87.88349538,0.01800178,1,0.92
1000858,1209,959,7,0,0,196.7546084,0.05155897,0.9,0.97
1000859,1469,3582,18,0,7,382.6610863,0.08395428,1.03,0.97
1000860,2773,2648,6,0,0,195.7689038,0.04228599,1.08,0.87
1000861,1502,538,8,0,1,297.6689048,0.04769249,1.1,0.92
1000862,1666,873,5,0,1,36.03298212,0.00873069,0.94,1.02
1000863,1439,1137,30,0,7,332.0175128,0.04942428,1.09,0.98
1000864,993,861,17,0,3,230.545904,0.0439184,0.91,1
1000865,1059,1939,10,0,0,182.5151146,0.03862094,0.96,0.97
1000866,1556,1697,19,0,3,1252.993214,0.21852708,0.94,0.95
1000867,187,509,15,0,3,274.6030792,0.05888107,1.11,1.06
1000869,2087,467,6,0,0,3.70546525,0.00070744,1.18,1.07
1000870,2266,2098,27,0,3,395.6389761,0.07942644,1.1,1.02
1000871,1206,2073,19,0,5,516.2800559,0.10111999,1.09,1.08
1000872,3385,847,12,0,2,125.3441056,0.03334588,0.96,1.01
1000873,1800,829,10,0,2,317.442673,0.05334976,1.03,0.99
1000875,2532,1192,9,0,0,69.01222938,0.01328698,1.01,1
1000876,2027,1128,3,0,0,56.14797919,0.01219233,1.02,0.96
1000877,2741,834,7,0,0,70.873685,0.01871038,0.91,0.88
1000878,3928,164,1,0,0,17.4700432,0.00488238,0.88,0.93
1000879,3837,1446,8,0,1,103.8151423,0.02953866,0.89,0.94
1000880,4680,1492,4,0,0,61.7656865,0.01408528,1.02,0.93
1000881,1883,2710,6,0,0,129.1101219,0.02726571,0.87,0.93
1000882,1550,1015,6,0,1,171.2911616,0.0210843,1.17,1
1000883,2201,3428,22,0,3,114.952087,0.02177378,0.88,0.88
1000884,2792,7153,11,0,2,54.7076475,0.01323142,0.9,0.94
1000885,2670,21671,14,0,2,220.5955423,0.04169029,1.18,0.94
1000886,1405,218,3,0,0,120.9852218,0.03052154,0.83,0.81
1000887,1217,5070,7,0,1,419.0804363,0.09069783,0.94,1.02
1000888,1832,1433,4,0,0,96.7449315,0.01839646,1.05,0.92
1000889,3624,961,13,0,4,21.60793125,0.00458726,1.07,0.97
1000890,2353,647,10,0,2,124.1404107,0.01947976,1.09,0.91
1000891,2067,589,5,0,3,46.29184675,0.00835927,1.01,0.98
1000892,101,103,11,0,0,338.9579075,0.05906732,1.11,0.98
1000893,2864,691,12,0,2,28.39407775,0.00635463,0.89,0.94
1000894,2094,1488,12,0,1,103.1571408,0.01618669,0.88,0.84
1000895,1559,454,6,0,0,180.4301123,0.03701604,1.01,0.88
1000896,3252,2866,16,0,2,108.4334623,0.02136099,0.87,0.91
1000898,1335,3565,3,0,0,121.1979275,0.0253017,0.89,1.02
1000899,400,109,5,0,0,229.0652598,0.05123325,0.76,0.82
1000900,1220,17916,15,0,3,1369.055177,0.25326742,1.07,0.98
1000901,74,2736,9,0,3,287.9330798,0.05512701,0.98,0.92
1000902,2655,2139,9,0,1,291.4822712,0.04464689,1.04,0.9
1000903,3508,1081,7,0,0,15.87804925,0.00333717,1.18,0.93
1000904,5822,7206,26,0,4,200.9375624,0.03795133,0.99,0.87
1000905,655,123,1,0,0,422.5865785,0.11498176,0.66,0.83
1000906,1501,425,4,0,0,120.8881267,0.02643432,0.66,0.91
1000907,886,3153,11,0,1,224.235896,0.04378034,0.86,0.95
1000908,983,1043,6,0,0,106.1685448,0.0219275,0.75,0.92
1000909,2223,2685,2,0,0,6.57824575,0.00130422,0.77,1.01
1000910,896,3094,22,0,1,67.40749908,0.01050956,0.85,0.91
1000911,1944,1284,7,0,0,347.1792558,0.05657528,0.75,0.88
1000912,2224,2837,4,0,0,2.006157,0.00036052,0.85,1.02
1000913,1251,1860,15,0,3,313.5706506,0.06322657,0.75,0.85
1000914,3242,2978,28,0,2,169.0507594,0.0386681,0.93,0.93
1000915,1594,638,4,0,1,34.04202075,0.00985634,0.95,0.81
1000916,1513,1265,3,0,0,136.5010197,0.02528566,0.88,0.87
1000917,2804,839,14,0,0,252.4879506,0.0588183,0.9,0.91
1000918,1262,190,3,0,1,51.1159621,0.01098231,0.77,0.95
1000919,1716,3231,8,0,0,79.28314329,0.01571693,0.83,0.91
1000920,4254,1079,12,0,1,63.19936106,0.01185863,0.84,0.88
1000921,2621,2957,4,0,1,17.9107845,0.00349159,0.92,0.87
1000922,3340,2064,11,0,2,46.50538325,0.00904374,0.81,0.85
1000923,2504,1814,14,0,2,42.87403911,0.0088453,0.85,0.81
1000924,835,2263,11,0,1,229.5854641,0.04850759,0.86,0.87
1000925,2024,1305,9,0,2,195.9522124,0.03373355,0.89,1.07
1000926,1542,739,7,0,0,122.3817748,0.02694103,0.64,0.84
1000927,1996,1123,16,0,2,242.9187499,0.05097061,0.82,0.85
1000928,1623,466,17,0,3,65.677996,0.01259859,1.11,1.15
1000929,996,1937,7,0,0,401.0567414,0.09833042,0.84,0.72
1000930,3454,5810,27,0,4,470.9425798,0.08870904,0.8,0.86
1000931,2640,9367,25,1,3,218.0273484,0.04207197,1.04,1.09
1000932,1408,1175,9,0,1,354.078938,0.07553923,0.94,0.97
1000933,2324,513,16,0,5,157.3309776,0.03453857,1.02,1
1000934,3267,590,13,0,5,83.89023467,0.0181905,0.94,0.96
1000935,407,1637,12,0,0,1043.646978,0.19339675,0.78,0.93
1000936,1459,1862,7,0,1,243.8868423,0.05658447,0.79,0.94
1000937,1026,2421,17,1,0,238.5849048,0.05746842,0.96,0.95
1000938,1601,1447,7,0,0,36.98255725,0.00994569,0.8,0.9
1000939,2516,1851,22,0,1,72.91596111,0.01597217,1.01,1.07
1000940,3206,503,33,0,2,365.7877255,0.06589189,1.02,1.06
1000941,2967,2463,34,0,1,281.9951349,0.05769872,0.92,0.96
1000942,3820,417,24,0,2,24.83557525,0.00520516,1.09,0.98
1000943,2451,483,7,0,0,250.4033109,0.05765811,0.79,0.77
1000944,6718,1371,37,0,4,126.4385086,0.03002909,0.92,0.93
1000945,6177,1708,27,0,2,203.7948595,0.05441197,0.98,0.91
1000946,6250,725,15,0,2,159.1221479,0.03415392,0.96,0.99
1000947,6125,921,10,0,0,232.2617038,0.060666,0.68,0.81
1000948,7714,1779,11,0,1,58.28832875,0.01399127,0.96,0.96
1000949,3366,566,9,0,1,33.3622715,0.0065197,0.91,0.91
1000950,4079,590,4,0,0,41.89730175,0.01029994,0.81,0.9
1000951,4552,1349,11,0,3,234.4333594,0.06076888,0.81,0.87
1000952,3232,665,16,0,0,90.51704669,0.0186512,0.96,0.93
1000953,8390,1209,14,0,1,54.1150395,0.01485007,0.96,0.96
1000954,6507,1420,36,0,4,356.945421,0.09159709,0.96,0.88
1000955,4714,1850,13,0,2,47.67750312,0.00774332,0.94,0.89
1000956,5222,1295,12,0,3,77.32398708,0.01748211,0.88,0.94
1000957,3357,2096,18,0,7,122.2955223,0.02216566,0.99,0.91
1000958,2573,2240,26,0,4,290.5092332,0.06994145,0.78,0.83
1000959,1499,3230,14,0,1,196.8325838,0.04410269,0.93,0.87
1000960,2667,1212,25,0,3,74.29488689,0.01480899,1.04,0.91
1000961,1532,1999,15,0,0,424.8192976,0.06961637,0.83,0.95
1000962,2609,245,28,0,1,573.0970393,0.11615971,0.94,0.96
1000963,4635,1427,16,0,1,200.8376589,0.04940809,0.94,0.94
1000964,3007,1133,10,0,2,264.7720854,0.05810111,0.95,0.83
1000965,2732,711,24,0,2,119.5336673,0.02764799,0.97,0.94
1000966,1842,84,9,0,0,8.29222025,0.00183936,1.17,0.98
1000967,4005,1092,13,0,1,269.8675524,0.04078426,0.96,0.9
1000968,2081,738,26,0,3,218.6837212,0.05481466,0.91,0.97
1000969,1493,143,3,0,0,131.7627918,0.03288879,1.04,1.13
1000970,1553,137,5,0,1,3.6828115,0.00086,0.77,0.86
1000971,2542,32,3,0,0,10.393663,0.00080135,0.89,0.94
1000972,5239,442,13,0,1,58.0727495,0.011175,0.84,0.85
1000973,4180,87,13,0,1,68.49116575,0.0168117,1.15,1.02
1000974,2359,297,15,0,5,78.03136483,0.01570559,0.92,0.9
1000975,1560,108,9,0,3,15,0.00390247,1.05,1.03
1000976,2759,635,8,0,3,34.87296233,0.00709103,0.89,0.99
1000977,2723,302,15,0,7,217.6513074,0.04448967,0.98,0.93
1000978,3856,432,11,0,1,83.2562456,0.01882905,0.95,0.85
1000979,3136,232,13,0,0,232.6610221,0.04935055,0.87,0.94
1000980,2895,302,15,0,1,207.3871566,0.04017742,0.87,0.89
1000981,1903,271,47,1,4,273.1677758,0.06273735,1.04,0.98
1000982,1201,172,12,0,1,54.90428325,0.01304613,0.92,0.98
1000983,3531,1005,25,0,7,161.8518457,0.03921274,0.98,0.91
1000984,4480,5508,13,0,1,114.0914175,0.02861065,1.02,0.95
1000985,6882,112,13,0,0,53.70166488,0.01349594,0.89,0.88
1000986,4752,677,21,0,6,62.22320925,0.0164385,0.92,0.8
1000987,1444,75,5,0,0,128.5484207,0.03208405,0.74,0.81
1000988,4284,435,5,0,1,56.62410656,0.01186107,0.8,0.82
1000989,4711,189,5,0,1,117.06607,0.02835796,0.97,0.93
1000990,4071,358,9,0,1,40.7805255,0.00683336,0.94,0.85
1000991,3687,602,11,0,1,89.24437925,0.01864717,1.07,0.88
1000992,3495,197,9,0,4,30.008501,0.00623742,1.05,0.97
1000993,1515,1847,9,0,1,341.2971714,0.06265079,0.97,1
1000994,2458,184,1,0,1,42.97173325,0.01001546,0.89,0.89
1000995,2639,210,5,0,1,7.35739575,0.00126676,1.03,1.06
1000996,1623,115,6,0,1,42.527316,0.00904939,1.3,1.02
1000997,2203,152,20,0,1,28.25212325,0.00407034,1.1,1
1000998,3195,257,5,0,1,56.94670683,0.01226095,0.94,0.88
1000999,7642,298,12,0,1,155.4948733,0.04326398,0.84,0.93
1001000,1706,131,14,0,0,45.13094933,0.01010171,0.97,0.83
1001001,6514,574,13,0,0,93.70812812,0.02007566,0.87,0.96
1001002,4396,761,28,1,0,58.43801592,0.01031889,0.88,0.84
1001003,2680,286,5,0,0,43.53616362,0.00901714,0.82,0.81
1001004,4148,303,15,0,2,13.85956975,0.00307514,0.93,0.84
1001005,2673,371,24,0,4,23.784822,0.0043312,1.08,0.9
1001006,4159,239,6,0,2,98.34166675,0.0204064,0.83,1
1001007,2044,486,15,0,5,60.236603,0.01309603,0.94,1
1001008,2360,177,7,0,2,130.0612159,0.0354009,0.94,0.96
1001009,3688,420,9,0,3,12.49868625,0.00139721,1.12,0.95
1001010,3037,128,10,0,0,23.95753,0.00551312,0.91,0.81
1001011,1737,486,77,0,9,594.4870779,0.13640583,1.04,1.06
1001012,1,1944,2,0,1,88.74884292,0.01307599,0.74,0.86
1001013,1625,843,9,0,3,359.7055976,0.07174532,1.1,0.95
1001015,1193,716,54,0,11,488.391281,0.11308815,0.8,0.88
1001016,1711,662,20,0,7,268.8128684,0.06565942,1.02,0.94
1001017,303,1538,15,1,1,506.9922169,0.13401746,0.98,1.03
1001018,1842,7673,29,0,2,437.0795971,0.06578132,1.07,0.8
1001019,96,192,18,0,4,146.4684496,0.02554231,1.09,1.04
1001021,28,18317,30,0,14,315.7765761,0.06227029,0.82,0.86
1001022,931,744,30,0,3,940.5341858,0.22886026,0.95,0.96
1001023,667,25194,63,1,18,974.1133101,0.22278495,0.8,0.94
1001024,932,5523,32,1,8,718.3361204,0.16206268,0.9,1.02
1001025,7167,1502,136,1,10,1161.367039,0.3088545,0.9,0.92
1001027,1877,22935,99,1,25,2270.683562,0.5315212,0.83,0.88
1001028,577,57,15,0,3,215.2696053,0.05405035,1.03,1.13
1001030,865,2634,47,0,9,427.5973771,0.06345467,1.02,1.02
1001031,789,615,21,0,9,1222.742083,0.35730697,0.98,1.11
1001032,1652,166,25,0,1,490.8281846,0.14143569,0.87,0.9
1001033,1197,2033,26,0,4,249.4285763,0.0456551,1.34,1.08
1001034,1170,1690,74,1,10,517.8780847,0.11806506,1.06,1
1001035,549,5760,17,0,2,344.5051148,0.06485079,1.07,0.88
1001036,399,88,6,0,1,342.2542928,0.07354587,0.84,0.81
1001037,1701,904,66,0,4,320.8375636,0.06592873,0.98,1.01
1001038,121,43655,84,0,16,2174.400648,0.52861242,0.79,0.87
1001039,2229,3012,69,0,5,669.9057872,0.13736632,1.11,1.02
1001040,1371,77,57,1,3,672.2500808,0.19651657,1.04,1.09
1001041,1471,12418,42,1,5,753.1303624,0.15280168,1.06,1.06
1001042,479,3060,29,1,3,360.1449889,0.06342977,0.97,1
1001043,2035,1633,71,2,7,117.6428799,0.02567239,1.1,1.04
1001044,1816,9025,43,1,9,431.9212865,0.08208969,1.04,0.92
1001045,1141,327,73,0,3,1319.916451,0.30390861,0.96,0.96
1001046,3164,332,76,0,4,251.9427578,0.06881917,0.98,0.83
1001047,1035,4820,23,0,5,162.2115516,0.03132423,0.97,0.86
1001048,1913,7114,32,0,7,1073.874251,0.22988489,0.89,0.91
1001049,2624,271,51,0,15,144.799354,0.03282516,1.26,1.03
1001050,2605,17722,71,0,7,1750.438074,0.30286329,0.94,0.96
1001051,5055,2417,46,0,10,1579.501669,0.35642998,0.95,1.03
1001052,2352,12301,36,0,5,935.8699611,0.132691,0.94,0.88
1001053,513,102,25,0,2,355.1663918,0.06687705,0.92,0.88
1001054,614,1139,44,0,3,498.798783,0.08892702,1.03,1.02
1001055,53,1858,12,1,1,315.4283349,0.03920729,1.16,1.19
1001056,524,5421,21,0,2,596.7660853,0.13378512,1.08,0.9
1001057,1739,3971,71,1,6,418.6032269,0.07482126,0.93,1.02
1001058,2799,10667,19,0,2,616.6227434,0.13326832,0.98,0.89
1001059,23,1005,11,0,2,209.605268,0.04306871,1.26,1.11
1001061,2628,374,18,0,4,255.2056211,0.05098066,1.14,0.87
1001062,3386,25938,87,0,9,1840.508313,0.410187,0.86,0.9
1001063,1427,6267,69,0,7,987.0383407,0.14928107,1.14,1.19
1001064,1862,340,11,0,4,232.960861,0.05827011,0.83,0.9
1001065,88,277,20,0,2,207.7433957,0.03357371,1.05,0.99
1001066,2502,27566,124,1,7,1903.984776,0.42916157,0.83,0.86
1001067,4454,2297,70,0,7,224.861392,0.05472927,1.08,1.09
1001068,15,15650,5,0,1,277.1754656,0.04867549,0.86,0.93
1001069,283,103,7,0,1,166.7740494,0.03249372,0.82,0.93
1001070,355,570,10,0,0,216.2533068,0.06335976,0.88,0.85
1001071,2019,673,39,0,2,615.1901628,0.12570998,0.81,0.94
1001072,1194,259,42,0,6,613.8178275,0.13905788,0.94,0.95
1001073,5614,22546,89,1,4,2458.010482,0.49262292,0.92,0.87
1001074,2660,5179,12,0,8,111.8467628,0.02718011,0.95,0.85
1001075,398,10137,36,0,1,492.397954,0.10184804,0.98,1.02
1001076,667,201,17,0,4,447.1550243,0.11244064,0.9,1.09
1001077,1393,16454,39,1,4,1272.430571,0.25507533,0.85,0.81
1001078,2804,9449,207,0,28,2584.913017,0.6603722,0.96,0.88
1001080,191,168,10,0,0,169.0877917,0.05051525,1.15,0.88
1001081,1089,19179,55,0,4,1601.586778,0.24786491,0.89,0.87
1001082,4194,26260,94,0,7,2369.440247,0.4999432,0.85,0.87
1001083,571,597,10,0,0,187.9229344,0.04215417,1.02,0.91
1001084,663,21572,49,1,4,685.2248143,0.13429226,0.94,0.93
1001085,3191,19954,319,2,16,4978.932331,1.31948323,0.87,0.89
1001087,2149,40183,75,0,4,1929.871325,0.47670711,0.93,0.82
1001088,1547,18695,62,0,6,881.6313555,0.1646558,0.81,0.89
1001089,80,2277,15,1,2,335.592262,0.08360204,1.07,0.92
1001090,595,1162,30,0,1,321.2336112,0.06763708,0.77,0.83
1001091,5,7062,17,0,4,647.1762763,0.12702642,1.1,1.12
1001092,1934,2284,102,0,12,453.6523157,0.10422229,0.97,0.83
1001093,3124,4789,130,0,6,1290.46596,0.31835218,0.98,0.92
1001094,644,2392,11,0,1,88.02324817,0.01311601,0.81,0.82
1001095,3912,9009,124,0,8,1602.532058,0.40293087,0.86,0.86
1001096,5094,1674,53,2,8,2709.667121,0.67373776,0.75,0.81
1001098,2126,22702,40,0,6,557.4441914,0.10910826,0.88,0.91
1001099,679,16526,71,0,4,1334.049782,0.26728805,1.02,0.98
1001100,68,2466,14,1,2,88.94457162,0.02127384,0.91,0.97
1001101,3054,3758,21,1,2,404.1903713,0.09329557,0.89,0.89
1001102,877,1691,9,0,1,71.08884467,0.01687307,1.19,1.12
1001103,24,15904,52,0,14,2272.813746,0.49953431,1.08,1.15
1001104,76,52277,28,1,7,535.5142365,0.11998032,1,1.11
1001105,1255,436,61,1,6,706.1743224,0.18858351,0.89,0.98
1001106,148,2510,14,1,0,20.87671725,0.00546393,1.04,0.93
1001107,1428,6881,67,0,1,1176.285382,0.29261444,0.84,0.87
1001108,485,1014,13,0,2,133.0232259,0.0231357,1.14,0.94
1001109,1848,4927,75,0,9,852.4094623,0.16457051,0.96,0.91
1001110,2461,42527,54,0,5,2547.832284,0.45018136,0.92,1
1001111,509,3516,47,0,2,576.3561091,0.10002483,0.93,0.94
1001112,106,3152,31,0,2,463.3620307,0.08819569,0.93,0.88
1001113,14,40,10,1,2,352.8928769,0.09352929,1.13,1.43
1001114,794,1108,33,0,2,305.7362334,0.03795579,0.97,0.91
1001115,780,3172,41,1,3,512.8497779,0.11731684,0.96,0.9
1001116,438,77,11,0,1,86.00713812,0.02278589,1.25,1.02
1001117,929,6953,139,1,4,730.2209128,0.16568142,0.95,0.92
1001118,1475,6184,11,0,3,336.5279919,0.08404392,0.8,0.71
1001119,816,583,66,0,5,52.1162545,0.01462017,1.08,1.12
1001120,374,4075,28,0,4,439.8522308,0.07505853,1.04,0.85
1001121,456,121,18,0,3,105.3128318,0.02350472,1.22,1
1001122,1441,10435,28,0,2,149.1285994,0.02917004,1.12,1
1001123,424,4075,47,0,4,954.6485843,0.15105484,1.01,0.91
1001124,1742,411,26,0,3,44.80566275,0.01331958,1.4,1.09
1001125,427,2498,19,0,2,239.4742024,0.04778239,0.78,0.87
1001126,241,28,2,0,1,11.697707,0.00252313,0.99,1.15
1001127,2565,27015,106,0,3,3128.88426,0.47624041,1.07,0.94
1001128,266,529,3,0,0,12,0.00312845,0.92,0.87
1001129,367,1289,20,0,1,316.2690384,0.06043626,1.05,1.03
1001130,197,4062,22,0,5,229.4451233,0.04818148,1.04,0.91
1001131,1126,4142,24,0,2,122.1366521,0.02011414,0.95,1
1001132,515,1504,10,0,1,199.8913098,0.04786544,1.23,0.98
1001133,917,1376,46,0,1,645.3397639,0.13606803,0.92,0.94
1001134,18,33585,92,1,11,3799.177121,0.67171531,1.02,1.06
1001135,3791,14671,407,0,7,6196.271874,1.51649242,0.9,0.91
1001136,860,125,9,0,1,105.7411196,0.02236468,0.61,0.96
1001137,770,250,29,0,1,165.4276857,0.03481344,1.06,0.97
1001138,612,14564,119,1,4,3427.280933,0.6873908,0.93,0.9
1001139,1291,449,19,1,4,274.324257,0.06473949,0.94,0.93
1001140,1825,9345,199,1,6,1091.075268,0.19748429,0.94,0.96
1001141,1270,7107,179,0,4,5005.433263,1.07132263,0.92,0.87
1001143,371,979,19,0,2,524.2081421,0.11020701,0.97,1.04
1001144,800,19439,43,1,7,3225.211429,0.79676495,1.08,0.95
1001145,1472,3893,38,2,12,1452.223369,0.35624925,1.21,1.15
1001146,121,1526,7,0,2,151.5769193,0.03205184,0.67,1.06
1001147,177,392,7,0,1,140.9896388,0.03266098,1.27,1.01
1001148,83,41,21,0,1,111.2347921,0.02442145,1,0.94
1001149,147,823,28,0,3,287.1916788,0.06598648,1.16,1.06
1001150,797,452,67,1,12,1646.889756,0.46825158,1.22,1.16
1001151,251,1752,18,0,7,0.18532367,5.02E-05,1.29,1.03
1001152,198,1337,10,0,1,345.5757928,0.08185623,1.22,1.06
1001153,1051,310,29,0,5,1745.66878,0.4570474,1,0.94
1001154,332,248,14,0,1,143.3222163,0.02767561,1.25,0.97
1001155,624,1976,16,0,4,224.9710964,0.04731861,1.25,1
1001156,3407,2628,94,1,6,637.1747026,0.14342297,0.97,0.88
1001157,279,138,23,0,4,51.97925462,0.01481907,1.04,0.92
1001158,712,1429,22,0,4,130.3504711,0.02947085,0.93,0.97
1001159,282,259,41,1,1,260.6005718,0.05989311,1.08,1.03
1001160,1865,928,39,1,5,563.0492363,0.1407395,1.08,0.97
1001161,525,24,12,0,2,1347.817582,0.33561884,0.64,0.76
1001162,933,109,26,0,1,357.2865703,0.09723419,0.8,1.01
1001163,4782,1208,128,1,13,1952.476873,0.53895038,0.96,0.95
1001164,690,3369,60,0,5,806.5873861,0.16728499,1.04,1.01
1001165,2003,529,57,1,3,1393.099005,0.39406479,0.73,0.98
1001166,2945,10151,41,1,10,377.7432651,0.08418089,1,0.95
1001167,484,2420,25,2,6,321.0476787,0.06568151,0.91,0.8
1001168,243,4055,40,2,4,321.1684801,0.07905281,1.14,1.09
1001169,496,3807,34,0,8,290.6839405,0.05544164,0.99,1.06
1001170,346,2092,18,0,2,27.25157475,0.00139797,0.98,0.97
1001171,16,3697,13,1,3,7.133604,0.00165156,1.25,1.31
1001172,823,41,14,0,4,235.692798,0.06591177,0.91,0.96
1001173,1943,671,87,1,12,597.3146643,0.13482743,1.07,0.96
1001174,1309,64,8,1,0,163.9232686,0.04264913,0.98,0.95
1001175,2863,1359,62,0,2,1241.215654,0.26939797,1.01,1.05
1001176,6,24,7,1,1,157.7290044,0.03561717,1.19,1.15
1001177,52,210,22,0,2,431.1662978,0.08860492,1.07,1
1001178,496,1618,27,0,4,385.0083463,0.08894577,0.89,0.89
1001179,3194,4278,53,0,8,504.9136678,0.12719609,0.87,0.87
1001180,938,4403,147,2,29,317.2324664,0.07906299,1.13,1.06
1001181,1755,621,48,1,7,404.0648552,0.09609138,0.94,1.02
1001182,3885,8725,255,4,34,9172.384348,2.57471965,0.72,0.85
1001183,395,977,14,0,1,573.2942421,0.11741463,0.87,1
1001184,153,659,38,0,7,331.5822294,0.09194131,0.81,0.93
1001185,2661,924,217,0,24,2547.478773,0.68010972,1.06,0.98
1001186,1962,380,63,0,8,743.1984634,0.19708621,1.02,0.89
1001187,1011,55,16,0,2,292.7825823,0.08464341,0.77,1.04
1001188,306,2100,22,1,2,433.9815735,0.08703511,1.14,1.3
1001189,1251,3595,63,0,5,378.272803,0.09136475,1.17,0.98
1001190,1450,3644,31,1,4,256.1788411,0.05266192,1.28,1.11
1001192,787,3743,43,1,1,943.4471433,0.23141898,1.11,1.15
1001193,227,1129,35,0,5,195.4415065,0.03908898,1.06,0.95
1001194,104,983,30,0,9,506.4764567,0.1006871,0.72,0.88
1001195,633,233,26,0,0,118.4512391,0.02886687,0.96,1.04
1001196,323,24904,58,1,5,1938.860078,0.39128585,1.31,1.37
1001197,1390,1492,22,0,4,148.5080719,0.03530394,1.28,1.11
1001198,2266,335,38,1,10,277.3427148,0.06484988,1.08,1.05
1001199,1378,16329,65,1,4,481.8375184,0.08986455,1.49,1.12
1001200,261,5197,62,0,7,849.4700782,0.16496565,1.37,1.21
1001201,871,277,27,0,1,268.4078398,0.04168136,1.07,1.06
1001202,1,27149,56,0,7,589.3754608,0.1355378,1.19,1.31
1001203,138,8147,206,1,7,2106.024721,0.48336515,1.4,1.02
1001204,396,4549,68,2,4,1077.21426,0.22339171,1.45,1.17
1001205,406,3166,50,1,8,383.2907539,0.09893226,1.55,1.51
1001206,875,1486,47,1,9,271.0921696,0.05447628,1.16,1.15
1001207,336,939,16,0,0,334.3214013,0.09053547,1.06,1.18
1001208,469,3181,41,0,4,877.3362187,0.18375163,1.37,1.35
1001209,66,9257,69,0,6,1977.038452,0.37833004,1.23,1.25
1001210,1091,14646,58,0,9,1551.699713,0.36450827,1.36,1.22
1001211,21,1663,35,0,4,207.1620861,0.05581555,1.32,0.93
1001212,1449,99,12,0,4,12.57255525,0.00318727,1.12,1.11
1001213,161,13040,53,0,7,1033.090569,0.25628907,1.04,1.08
1001214,3,10396,20,0,2,273.4284931,0.04368241,1.37,1.06
1001215,15,12759,45,0,12,1249.945062,0.17900862,1.29,1.33
1001216,209,2657,70,0,5,563.6086733,0.11778673,1.27,1.1
1001217,24,22,10,1,0,96.62500725,0.020105,1.28,1.33
1001218,20,195,25,0,4,160.120598,0.03210279,1.27,1.35
1001219,120,28,10,1,1,122.1286205,0.01829807,1.25,1.13
1001220,582,748,56,0,6,55.90139692,0.01311791,1.02,1.12
1001221,4119,1587,68,0,12,659.9907259,0.15758499,0.9,0.88
1001222,833,223,39,0,5,274.9229159,0.06294096,1.12,0.96
1001223,2941,27999,120,1,14,2004.640868,0.37176444,1.2,1.12
1001224,291,1543,13,0,3,145.983841,0.02281572,0.95,0.92
1001225,450,118,15,0,2,123.0707658,0.02615422,1.11,0.75
1001226,2188,16173,65,0,3,645.1163021,0.11713684,1.17,1.16
1001227,608,20709,100,0,5,4635.67255,0.94338177,1.15,1.14
1001228,736,1766,72,0,13,185.154844,0.03647364,1.24,1.11
1001229,276,1358,18,0,6,106.3000668,0.02686123,1.37,1.32
1001230,797,26072,139,1,14,1104.114506,0.20417524,1.36,1.31
1001231,420,5440,30,2,4,374.4223723,0.07109384,1.16,0.94
1001232,2101,1823,113,1,1,822.3978213,0.20441307,1.1,1.11
1001233,130,2136,24,1,5,384.9686715,0.09425904,1.29,1.26
1001234,584,599,29,0,6,306.3990583,0.06415012,1,1.14
1001235,115,8804,23,0,4,1285.126113,0.34744068,1.1,1.16
1001236,277,810,21,0,3,367.2494908,0.07801259,0.97,1.1
1001237,279,239,22,1,2,446.9273387,0.08056549,1.02,1.06
1001238,2678,776,107,2,18,357.6227518,0.07852738,1.54,1.19
1001239,1416,6727,58,0,6,2043.621284,0.38033634,0.56,0.67
1001240,489,1230,49,1,5,1298.792032,0.34190218,0.85,0.98
1001241,791,334,21,0,3,217.1623829,0.05714257,1.02,0.91
1001242,629,477,47,1,4,1093.117182,0.28363632,0.9,1.02
1001244,373,70,11,0,2,784.9210254,0.18697334,0.84,0.94
1001245,1105,2865,56,0,5,1392.731897,0.35326785,0.94,0.92
1001246,890,210,9,0,3,67.503842,0.01309639,1.04,0.96
1001247,86,102,12,0,4,21.8055035,0.00433626,0.95,1.06
1001248,536,180,43,0,4,641.7255881,0.1379494,0.99,0.9
1001249,731,116,30,2,3,102.4163043,0.01981051,1.26,1.18
1001250,784,67,26,0,0,274.5241435,0.06987587,1.01,0.89
1001251,355,140,66,1,11,663.0181454,0.16482732,0.86,0.98
1001252,911,322,31,0,3,309.206624,0.06604275,1.06,1.04
1001253,203,70,25,1,4,178.6504202,0.04512886,1.14,1.26
1001254,1021,555,57,0,10,527.3479008,0.13362895,0.85,0.91
1001255,116,108,8,0,0,23.2612285,0.00578,1.02,0.8
1001256,790,831,69,1,5,788.0112523,0.17612188,1,0.96
1001257,2074,2284,77,0,9,763.4728252,0.19150701,0.91,0.93
1001258,185,65,12,0,2,177.234797,0.03701795,0.85,0.95
1001259,743,70,16,0,6,192.0486221,0.04526039,0.99,0.96
1001260,446,1003,74,0,10,708.4110717,0.15509972,1.02,0.95
1001261,676,336,56,0,2,546.0873089,0.13378207,1,0.91
1001262,17,274,37,0,2,847.1244533,0.17821227,1.04,0.86
1001263,257,418,73,2,8,1634.456533,0.43255279,0.87,0.89
1001264,663,59,16,0,2,275.1317389,0.05288175,1.15,1.09
1001265,63,444,20,0,4,78.44906925,0.01632604,1.71,1.87
1001266,2,1319,16,1,1,115.0996888,0.03088465,1.22,1.45
1001267,109,158,9,0,2,96.76021438,0.01713254,1.33,1.37
1001270,345,13,14,0,3,22.3064585,0.00598325,1.26,1.11
1001271,739,474,17,0,3,7.73093675,0.00022699,1.04,0.98
1001273,72,8186,70,0,7,685.588574,0.15560293,1.36,1.26
1001274,277,3089,23,0,1,172.822643,0.01626738,1.31,1.58
1001275,151,167,3,0,0,68.39815425,0.01598417,1.29,1.03
1001276,4,906,20,0,1,536.4882779,0.14756813,1.25,1.01
1001277,290,1190,30,1,3,158.3102656,0.02093243,1.56,1.43
1001279,56,178,5,0,1,161.3546518,0.0383439,1.11,1.27
1001282,918,271,27,1,0,99.0943192,0.01521913,1.13,1.15
1001283,818,95,7,0,0,10.82197412,0.00169379,1.04,1.02
1001284,994,451,10,1,0,12.87142088,0.00122716,1.26,1.53
1001285,90,365,5,0,1,106.222595,0.0232485,0.94,1.23
1001287,87,4,2,0,0,114.419766,0.03031997,0.73,1.18
1001289,396,19,6,0,2,38.86464262,0.00725946,1.19,1.05
1001290,101,109,7,0,0,446.1622269,0.0839699,1.14,1.11
1001291,65,32,3,0,2,577.5443939,0.13936689,1.32,1.44
1001295,1536,314,38,0,1,138.7657096,0.03056515,1.01,1.04
1001296,214,36,17,0,1,6.07988675,0.00125741,1.26,1.19
1001297,576,45,12,0,1,55.55945357,0.01091324,1.02,1.11
1001298,1894,66,10,0,0,85.66312936,0.02025479,0.98,0.91
1001299,17,40,7,0,0,104.0575663,0.02972008,1.2,0.91
1001300,935,43,4,0,0,39.65722567,0.01180836,0.85,0.93
1001301,793,111,17,0,1,67.73760992,0.00856748,1.05,0.94
1001303,88,19,10,0,3,37.1578275,0.00768355,1.4,1.22
1001304,1953,54,1,0,0,42.735626,0.00806549,1.12,0.99
1001313,454,20,14,0,2,70.017667,0.01381035,1.46,1.86
1001316,2075,1171,40,0,7,3.10174857,0.0007329,1.31,1.27
1001319,93,13,3,0,2,0,0,1.15,1.88
1001320,93,7,8,0,1,106.7947056,0.02322244,1.38,1.12
1001323,442,93,13,0,2,156.3594693,0.03107948,0.95,0.87
1001324,228,77,5,0,0,132.4507348,0.03142218,1.2,1.04
1001325,59,12,4,0,0,18.80781138,0.00122774,1.16,1.31
1001326,1231,55,13,0,1,207.7883141,0.05665664,1.07,1
1001329,1458,179,25,0,1,145.9253662,0.03713502,1,1
1001330,2009,224,43,1,4,172.5838208,0.0338682,1,0.93
1001331,1249,45,12,0,1,14.26094725,0.00209136,1.13,0.94
1001332,1871,86,28,1,3,89.73198625,0.0236734,0.99,0.93
1001333,1850,69,5,0,1,20.09930088,0.00598429,0.91,1.02
1001334,934,81,14,0,1,19.4174685,0.00313999,1,1.06
1001335,1454,35,1,0,0,208.1440383,0.0502684,0.86,1
1001336,2080,344,43,0,4,87.58800383,0.01402781,1.1,1.03
1001338,200,97,23,0,3,289.9575227,0.06121987,1.03,1.11
1001340,1409,131,20,0,5,110.0611475,0.02504014,1.21,1.14
1001341,30,91,6,0,0,18.30348825,0.00239371,1.32,1.25
1001343,853,40,10,0,1,15.190288,0.00260409,1.15,1.28
1001347,1807,191,3,0,0,5.0529465,0.00077394,1,0.88
1001348,26,121,12,0,1,48.87349275,0.00823559,1.1,0.93
1001349,1375,92,8,0,1,61.35877975,0.01334302,0.86,0.88
1001350,235,62,29,0,3,87.49781012,0.02190912,1.14,1.26
1001352,1136,50,4,0,1,5.97034175,0.00119258,1,0.96
1001353,610,231,19,0,1,11.224808,0.00243369,1.24,1.19
1001355,764,23,8,0,0,97.0487845,0.02200541,1.22,1.27
1001357,1482,911,8,0,1,95.40437025,0.01723937,0.99,1.15
1001359,2247,104,14,0,1,84.73978975,0.01925726,1.11,1
1001360,1212,84,13,0,2,19.26904075,0.00420052,1.06,0.92
1001363,728,61,2,0,0,54.293139,0.01011604,0.99,1.04
1001364,1035,39,13,0,4,53.923629,0.00974436,1.01,0.92
1001365,1498,98,20,0,1,85.51858825,0.0141651,1.14,1.04
1001367,1833,105,18,0,1,14.27317867,0.00309754,0.98,0.81
1001368,243,206,18,1,3,277.0704398,0.04933658,1.1,1.04
1001371,500,15,6,0,1,77.59463925,0.00780811,0.83,1.19
1001373,198,17,5,0,1,11.76334333,0.00295058,1.11,1.27
1001374,568,237,11,0,0,9.337875,0.001061,0.96,1.12
1001377,362,35,17,0,3,134.3329169,0.02579781,1.14,1.14
1001378,117,45,9,0,4,9.627458,0.00238299,1.2,1.32
1001379,273,44,9,0,1,13.6704615,0.00298734,1.34,1.65
1001380,498,35,3,0,1,233.1495268,0.04542986,0.99,0.86
1001383,10,3948,10,0,1,125.414198,0.01700486,1.31,1.07
1001385,310,803,20,1,2,37.964135,0.00842858,1.17,1.17
1001390,1614,173,13,0,2,75.6937975,0.02121475,0.82,1.03
1001391,589,190,12,0,4,185.6735886,0.04072357,1,1
1001392,27,10,2,0,0,129.2311701,0.03633839,0.9,0.86
1001394,1298,432,24,0,2,59.708555,0.01551898,1.12,0.99
1001395,1215,148,37,0,1,66.04097742,0.01410545,1.06,0.94
1001396,1170,52,4,0,0,93.17718275,0.01594599,0.96,0.9
1001397,1172,40,8,0,0,11.37819625,0.00230955,0.99,0.95
1001399,364,53,6,0,0,35.4762005,0.00791339,1.13,0.91
1001402,163,141,20,0,1,39.44989025,0.01011778,1.14,1.15
1001403,142,24,6,0,0,72.3450465,0.01278534,0.88,1.01
1001404,182,38,5,0,1,86.34097417,0.00744116,1.13,0.99
1001406,255,123,20,1,2,303.7080242,0.06345455,0.93,1.01
1001408,72,118,1,0,0,36.4183915,0.01047814,0.88,0.81
1001409,976,75,15,0,1,93.917023,0.02186311,1.17,1.06
1001411,1961,156,16,0,2,34.10974988,0.00714875,0.99,0.96
1001412,338,36,10,0,2,619.9001413,0.1461896,1.24,1.02
1001413,1108,114,34,1,3,360.7947778,0.08928185,0.96,1.02
1001414,614,119,30,0,2,441.929531,0.09147422,1.02,1.1
1001415,584,116,5,0,1,30.334584,0.00461241,1.13,0.91
1001418,631,236,27,0,1,12.82226575,0.00144873,1.08,1.03
1001420,618,55,17,0,1,253.7264015,0.04554652,1.18,1.09
1001422,156,132,15,0,1,572.3459741,0.13030126,1.18,1.11
1001427,2140,139,24,0,2,221.7790911,0.04697198,1,1.09
1001429,439,67,11,0,2,228.3611463,0.04311521,0.92,1.08
1001430,2354,2127,132,1,19,3044.531133,0.85113522,1.07,1.08
1001440,638,244,9,0,1,277.202268,0.07182741,0.77,1.06
1001441,406,59,19,0,3,28.09921762,0.00629235,1.55,1.18
1001444,1602,239,19,0,2,252.3047269,0.05356164,0.89,1.01
1001445,61,73,6,0,0,92.52650775,0.01867713,1.86,1.18
1001446,177,141,18,0,1,108.0746713,0.02107366,1.06,0.89
1001447,1866,95,16,0,1,10.52369625,0.0025456,1.25,1.06
1001448,1009,78,25,0,3,140.6540196,0.03094825,1,1.04
1001449,572,136,36,0,3,422.7346772,0.10343119,1.13,1.06
1001450,536,467,30,0,2,351.1412937,0.09126172,1.11,0.91
1001452,647,102,14,0,2,80.28399208,0.01597563,1.39,1.05
1001453,568,10,4,0,0,258.7570142,0.07278846,0.57,0.84
1001454,496,6,2,0,0,96.69070025,0.02507289,1.11,1.1
1001455,101,44,4,0,2,15.18624925,0.00292019,1.24,0.98
1001457,441,154,6,0,0,14.9740885,0.00423922,1.29,1.26
1001458,1451,122,22,0,2,175.299768,0.03505752,0.96,1.02
1001459,441,42,10,0,1,75.0950845,0.01446013,1.04,0.98
1001460,2203,120,13,0,1,86.18804125,0.01540792,1,0.96
1001463,62,43,3,0,1,31.6446595,0.00762715,1.22,0.96
1001466,627,75,12,0,2,23.5564005,0.00610282,0.93,1.01
1001469,104,35,5,0,0,224.7516246,0.03682452,1.08,1.01
1001471,1169,242,7,0,0,594.7770206,0.12721917,0.92,0.94
1001473,171,48,3,0,0,66.32745525,0.01176015,1.14,1.3
1001475,7,138,4,0,2,80.89158356,0.01748209,0.8,0.94
1001477,947,102,4,0,0,188.8448935,0.0442525,1.12,1.07
1001478,5119,3469,42,0,2,239.2048444,0.05144492,0.99,0.96
1001479,803,286,6,0,0,85.03690075,0.01977915,0.89,0.97
1001480,2314,208,19,0,0,84.76188867,0.01828676,0.97,0.99
1001481,1952,89,3,0,0,13.6697035,0.00141707,1.12,0.94
1001482,288,935,12,0,2,242.5949254,0.05143178,0.93,1.14
1001483,800,95,12,0,1,10.10638417,0.00237643,0.94,0.99
1001484,842,60,6,0,1,3,0.00078707,1.02,1.06
1001487,90,35,10,0,2,71.64065525,0.01478124,1.57,1.38
1001488,1023,30,5,0,0,54.50812075,0.00846364,0.92,0.84
1001489,595,224,36,0,4,692.4536553,0.15905752,1.15,0.86
1001490,3097,430,17,0,1,45.78449025,0.00872014,1.02,0.88
1001491,5176,5839,144,2,27,4615.027616,1.20961303,1.09,1.11
1001492,1104,104830,593,2,50,7772.873475,1.59662572,1.34,1.17
1001493,2427,6054,165,4,21,1436.066784,0.38122556,1.11,1.14
1001494,1924,32935,327,5,39,2390.564071,0.51180983,1.33,1.33
1001495,8221,24375,242,3,31,3247.849534,0.76317967,0.94,0.98
1001496,24,15904,52,0,14,2272.813746,0.49953431,1.08,1.15
